x_m,y_m,w_m,h_m,x_f,y_f,w_f,h_f
72,10,66,21,71.0918,10.9082,64.1836,22.8164
87,8,72,17,72.4485,10.6601,64.8504,22.3202
95,8,69,16,74.2498,10.4474,65.1827,21.815
100,8,66,16,76.1981,10.2617,65.2471,21.3741
119,8,55,16,79.3395,10.0932,64.5097,20.9743
139,10,56,20,83.6424,10.08,63.9029,20.8901
159,12,63,25,89.0663,10.2075,63.8241,21.1608
178,14,57,29,95.5484,10.4681,63.3312,21.6972
190,19,54,29,102.221,11.0509,62.6798,22.1972
201,24,55,28,109.112,11.923,62.1445,22.5933
211,28,53,28,116.194,12.9974,61.5145,22.9626
221,29,54,29,123.499,14.0708,60.9865,23.3742
237,36,55,28,132.285,15.6349,60.4903,23.7364
243,37,53,27,140.316,17.1167,59.9421,23.9844
249,41,51,27,148.348,18.784,59.2909,24.2207
254,42,49,27,156.207,20.4192,58.5507,24.4417
263,48,45,25,165.654,22.5898,57.4706,24.5683
270,54,44,25,175.534,25.1738,56.3221,24.6909
277,57,44,25,185.709,27.9456,55.1881,24.8053
280,61,44,25,194.094,30.5977,54.2425,24.8686
281,65,43,24,203.224,33.6404,53.1678,24.8829
284,70,43,26,211.948,36.8849,52.1577,25.032
287,76,42,26,221.403,40.6766,51.0257,25.1935
288,77,41,25,228.677,43.9294,50.0522,25.2328
291,86,41,26,237.797,48.2513,48.9189,25.3848
293,87,41,25,244.332,51.8066,48.0779,25.407
298,91,40,25,253.358,56.2447,46.9424,25.4738
301,94,39,26,260.686,60.2687,45.9414,25.5838
308,96,40,26,268.445,64.3469,45.037,25.6928
312,98,40,24,274.19,67.7049,44.3889,25.611
316,100,39,26,280.731,71.2982,43.6129,25.6982
320,102,39,26,286.516,74.5837,42.956,25.7691
325,104,40,25,295.002,78.8326,42.1189,25.8045
329,105,41,25,302.906,82.8059,41.453,25.8277
332,106,40,25,308.412,85.8063,40.9852,25.8163
335,110,40,25,316.442,89.9697,40.2678,25.8412
336,111,40,25,324.303,94.0989,39.5748,25.8639
339,113,42,25,331.708,98.0906,39.1104,25.879
341,114,42,24,335.257,100.466,39.0401,25.7709
345,116,42,24,341.785,104.05,38.6849,25.702
346,116,42,24,345.451,106.354,38.6036,25.6096
349,118,41,20,351.149,109.533,38.2557,25.2374
350,118,41,21,354.72,111.728,38.1082,24.948
352,118,40,21,357.469,113.456,37.9653,24.6767
353,119,41,24,363.229,116.509,37.6134,24.6512
356,121,43,24,368.584,119.423,37.4647,24.6247
357,122,42,24,371.258,121.164,37.475,24.5911
357,124,43,24,373.246,122.703,37.6001,24.5585
358,126,42,24,378.125,125.622,37.3914,24.5359
358,126,41,21,379.637,126.977,37.3918,24.2935
358,131,42,24,383.518,129.738,37.2536,24.2799
358,131,42,24,384.636,131.165,37.3386,24.2639
356,134,41,24,388.447,134.093,37.1079,24.2518
353,136,42,21,391.413,136.835,36.999,24.0251
351,137,42,21,391.563,138.283,37.1031,23.8122
348,138,42,21,391.37,139.634,37.2102,23.6148
346,139,42,24,391.149,141.006,37.3023,23.6326
342,140,41,24,390.934,142.489,37.3015,23.6487
336,142,44,25,391.669,144.738,37.3923,23.7272
332,143,43,24,390.998,146.362,37.5013,23.7383
325,145,45,24,390.624,148.449,37.68,23.7474
322,146,43,24,388.646,149.688,37.8307,23.7589
318,146,44,25,386.763,150.989,38.0184,23.8337
313,146,45,26,384.187,151.916,38.2964,23.9679
305,144,50,26,383.213,153.921,38.7284,24.0965
301,143,48,27,380.042,154.509,39.1624,24.281
291,136,50,27,378.228,155.866,39.5717,24.4635
282,133,50,27,375.734,156.924,39.9833,24.6428
277,129,50,28,371.232,156.416,40.4998,24.8682
269,124,50,27,368.173,156.93,40.8787,25.0361
265,124,51,27,362.78,155.733,41.4477,25.1736
260,121,51,28,358.069,154.949,41.9402,25.3743
256,117,51,28,353.097,153.732,42.4215,25.5597
251,113,52,28,348.801,152.993,42.901,25.7524
248,111,52,28,343.853,151.578,43.3953,25.9224
246,111,52,28,338.878,150.07,43.8712,26.078
245,112,53,28,334.767,149.43,44.3571,26.2518
247,111,53,29,330.883,148.771,44.8337,26.4875
248,111,55,28,327.039,148.024,45.4348,26.651
256,110,55,29,323.738,147.166,46.0264,26.8745
261,110,54,28,320.284,145.521,46.5316,26.9825
266,111,54,29,317.428,144.135,47.0054,27.1519
273,112,55,29,315.531,143.466,47.5359,27.3512
280,112,55,29,314.086,142.752,48.0556,27.5433
287,112,55,29,313.101,142,48.5639,27.7283
293,116,55,29,312.536,141.53,49.0635,27.9102
299,119,55,29,312.304,141.13,49.5425,28.0764
302,119,54,29,311.885,140.098,49.8725,28.1752
305,120,54,29,311.792,139.367,50.1952,28.2824
309,120,54,29,312.272,139.147,50.5585,28.4338
313,121,54,29,312.886,138.813,50.8904,28.5619
315,121,52,29,313.33,138.104,51.0217,28.64
317,123,52,29,313.877,137.579,51.1451,28.7135
317,126,53,28,314.708,137.679,51.3883,28.7684
318,126,52,28,315.595,137.783,51.5621,28.823
318,126,52,28,316.443,137.857,51.7283,28.8732
317,127,53,28,317.067,137.835,51.9305,28.9021
317,126,53,29,317.38,137.428,52.0653,28.955
317,127,53,28,317.751,137.2,52.2078,28.951
317,127,53,28,318.026,136.905,52.3258,28.9368
317,127,53,28,318.532,136.885,52.4905,28.9576
317,127,53,28,319.066,136.907,52.6596,28.9833
317,127,53,28,319.267,136.615,52.7538,28.9661
317,127,53,28,319.754,136.627,52.909,28.9888
317,127,53,28,320.265,136.668,53.0688,29.0153
317,128,53,28,320.598,136.618,53.1874,29.0197
317,128,53,28,320.953,136.6,53.3099,29.0281
317,128,53,28,320.996,136.314,53.3587,28.999
317,127,53,27,321.044,135.991,53.406,28.9087
317,127,53,28,321.361,135.919,53.5144,28.9191
317,127,53,28,321.394,135.618,53.5545,28.8973
317,127,53,28,321.691,135.552,53.656,28.9073
317,130,53,28,321.887,135.607,53.7325,28.9062
317,130,53,28,321.895,135.512,53.7625,28.8848
317,130,53,28,322.063,135.552,53.8302,28.8825
317,130,53,28,322.021,135.427,53.8453,28.8577
317,130,53,28,322.211,135.492,53.9162,28.8594
317,130,53,28,322.366,135.531,53.9777,28.8576
317,129,53,28,322.509,135.496,54.0359,28.855
316,129,53,28,322.601,135.477,54.0976,28.8545
313,128,52,28,322.376,135.304,54.0621,28.8419
309,128,53,28,321.914,135.156,54.102,28.8326
306,128,53,28,321.075,134.854,54.0859,28.8013
301,130,52,28,320.114,134.844,54.0527,28.7915
297,130,53,28,318.78,134.688,54.0381,28.7621
295,130,54,28,317.408,134.544,54.0888,28.7347
290,133,53,29,315.876,134.726,54.1168,28.7907
287,133,53,29,314.181,134.895,54.1411,28.844
286,134,53,30,312.448,135.029,54.1327,28.9467
286,134,53,30,310.805,135.186,54.1342,29.049
286,134,53,30,309.244,135.261,54.1119,29.134
288,134,54,30,307.864,135.46,54.196,29.2371
293,135,55,29,306.848,135.697,54.3359,29.2686
303,135,54,29,306.52,135.917,54.4028,29.2975
314,135,54,29,306.933,136.123,54.4652,29.3241
320,135,53,29,307.749,136.183,54.4141,29.3259
327,135,54,28,308.959,136.268,54.4398,29.2684
343,135,55,29,311.15,136.422,54.5526,29.2897
350,136,52,28,313.641,136.525,54.434,29.2292
357,136,52,27,316.404,136.62,54.3228,29.1102
369,139,53,27,319.929,137.027,54.3159,29.0128
374,139,51,27,323.434,137.28,54.1474,28.9039
385,141,53,28,327.698,137.774,54.1424,28.8748
391,141,52,27,331.887,138.116,54.0446,28.7728
395,142,51,28,336.051,138.492,53.8904,28.7373
402,142,51,28,340.902,139,53.7692,28.7137
407,143,51,28,345.875,139.528,53.6444,28.6882
411,143,50,27,350.401,139.894,53.443,28.5937
413,144,50,28,354.732,140.288,53.2526,28.5651
416,144,49,28,359.75,140.831,53.0233,28.5449
418,142,50,27,364.711,141.216,52.8584,28.4615
419,143,50,26,368.812,141.492,52.6919,28.3151
420,142,50,27,373.661,141.864,52.5371,28.2387
419,143,50,26,378.086,142.239,52.3839,28.0997
418,140,51,27,382.317,142.407,52.2983,28.0281
417,139,50,27,385.553,142.374,52.1529,27.961
411,140,50,27,388.954,142.517,52.0114,27.8946
404,137,51,27,391.858,142.467,51.9377,27.8294
399,137,50,27,394.167,142.388,51.8012,27.7667
395,135,50,27,395.44,142.086,51.6757,27.7104
388,133,50,28,396.633,141.725,51.5517,27.7191
383,132,51,28,397.737,141.342,51.4938,27.7259
375,130,51,29,398.103,140.813,51.4394,27.8004
372,130,50,29,398.159,140.286,51.3202,27.8733
369,131,50,28,397.031,139.757,51.2221,27.8792
365,130,51,28,395.849,139.212,51.1934,27.8843
364,130,51,28,394.666,138.701,51.1669,27.8891
361,130,51,28,394.104,138.27,51.1274,27.8914
360,130,52,28,392.672,137.801,51.1688,27.8961
359,130,51,28,392.006,137.399,51.1304,27.8982
360,130,52,28,390.673,136.974,51.1715,27.9026
360,130,52,28,389.491,136.579,51.2089,27.9065
364,131,53,28,389.307,136.286,51.2947,27.9081
372,131,53,28,389.4,135.99,51.3831,27.9105
377,131,52,28,389.107,135.692,51.4144,27.9146
387,132,52,28,390.13,135.481,51.4351,27.9168
400,133,53,28,391.899,135.337,51.5203,27.9191
405,133,53,28,393.319,135.195,51.6072,27.9227
416,133,52,28,395.954,135.062,51.6229,27.9249
428,136,56,30,399.25,135.124,51.8969,28.0562
434,136,52,31,402.21,135.182,51.9034,28.2445
438,137,51,30,405.221,135.3,51.8467,28.3587
448,138,54,31,409.174,135.478,51.9814,28.5347
454,138,52,31,412.672,135.641,51.9837,28.695
460,138,53,31,417.284,135.809,52.0504,28.8607
465,138,53,31,421.966,135.972,52.1154,29.021
468,138,54,31,426.737,136.131,52.2437,29.1778
469,138,54,31,430.774,136.273,52.3639,29.318
471,138,54,31,434.191,136.398,52.4732,29.4403
471,137,54,31,438.306,136.47,52.5847,29.5738
470,138,53,30,442.541,136.61,52.632,29.6454
468,137,53,29,446.28,136.677,52.6756,29.6447
461,136,55,29,449.317,136.673,52.8483,29.6414
454,136,53,29,451.991,136.672,52.8857,29.6412
451,136,53,29,452.885,136.646,52.9043,29.6161
448,136,54,29,453.762,136.625,52.9886,29.5966
440,136,54,29,454.893,136.619,53.0797,29.5911
433,137,53,29,455.708,136.682,53.1056,29.5884
430,137,53,29,455.331,136.725,53.1168,29.5707
424,137,52,29,455.128,136.776,53.0704,29.5623
418,137,52,29,454.557,136.826,53.0257,29.5544
416,137,52,29,453.038,136.856,52.9723,29.5337
410,138,52,29,452.126,136.97,52.9326,29.5285
408,138,51,29,450.221,137.057,52.8201,29.5092
406,138,52,29,448.978,137.159,52.7839,29.502
404,138,51,29,446.944,137.235,52.6788,29.4835
404,138,51,29,445.03,137.306,52.5803,29.4659
405,139,52,28,443.304,137.435,52.5495,29.3881
404,139,51,28,442.309,137.589,52.4611,29.3241
404,139,51,29,441.01,137.725,52.3734,29.32
404,139,51,29,439.227,137.828,52.2894,29.3078
404,139,51,29,438.198,137.964,52.208,29.3066
404,139,51,29,436.519,138.053,52.1324,29.2945
407,139,50,29,435.633,138.172,51.9943,29.2916
408,139,51,29,434.394,138.255,51.9287,29.2813
410,139,50,29,433.448,138.341,51.8043,29.2733
412,139,51,28,432.862,138.441,51.7422,29.2075
413,139,51,28,432.054,138.509,51.6892,29.1401
415,139,52,28,431.4,138.572,51.6995,29.0765
416,138,52,29,430.865,138.574,51.7088,29.076
417,138,51,29,430.454,138.58,51.6579,29.0759
418,138,51,29,430.007,138.574,51.6129,29.0745
420,138,52,28,430.094,138.609,51.6167,29.0185
420,138,51,28,430.102,138.637,51.5624,28.9623
419,137,51,28,430.017,138.599,51.5098,28.9067
416,137,51,28,429.718,138.559,51.4589,28.8518
409,137,51,28,428.973,138.518,51.4089,28.7976
399,137,52,27,427.552,138.474,51.4259,28.6802
394,138,49,28,425.651,138.468,51.2633,28.6347
389,138,48,28,423.571,138.465,51.0477,28.5918
375,138,49,27,420.829,138.488,50.884,28.482
371,138,49,27,417.825,138.481,50.7496,28.3842
357,138,49,27,414.098,138.494,50.6027,28.2835
349,140,48,27,409.909,138.641,50.39,28.183
345,142,48,27,405.735,138.878,50.2151,28.0985
341,143,48,28,401.628,139.155,50.0577,28.0839
338,143,48,27,397.567,139.42,49.9051,28.0073
334,143,45,27,393.389,139.683,49.5688,27.9309
331,144,45,27,389.457,139.967,49.272,27.8661
327,144,45,28,384.944,140.297,48.9356,27.8468
324,144,45,27,380.357,140.616,48.609,27.768
319,144,49,28,375.569,140.926,48.5423,27.7543
317,144,50,28,371.416,141.169,48.5865,27.7555
315,144,49,28,367.387,141.397,48.5672,27.7565
314,142,50,29,362.78,141.551,48.568,27.8065
312,142,51,30,358.214,141.695,48.6379,27.9205
311,142,49,30,353.674,141.835,48.5799,28.0332
311,141,50,31,349.209,141.906,48.5889,28.21
310,141,51,31,345.179,141.949,48.681,28.3846
310,141,51,30,342.07,141.943,48.7962,28.4867
310,140,51,31,339.108,141.877,48.9021,28.6456
310,139,51,31,335.312,141.803,48.9742,28.8016
310,136,51,32,331.605,141.531,49.0464,29.0208
310,131,52,32,328.458,140.916,49.1949,29.2306
310,127,52,32,325.053,140.056,49.3327,29.4394
310,125,52,32,322.204,139.077,49.4759,29.6363
309,124,52,33,319.287,138.06,49.6132,29.8964
309,123,52,33,317.587,137.048,49.7574,30.1218
308,122,53,32,315.9,136.04,49.9562,30.2672
307,120,53,33,314.224,134.969,50.1416,30.4678
305,120,55,32,311.496,133.884,50.4443,30.6214
305,120,55,32,310.035,132.93,50.7328,30.737
304,119,56,33,307.521,131.866,51.0777,30.9416
303,119,57,33,306.099,130.947,51.4612,31.1056
302,119,57,32,303.698,129.963,51.8434,31.2299
300,119,60,32,301.303,129.01,52.4104,31.3488
298,119,57,32,300.009,128.24,52.7296,31.4255
295,119,57,32,298.551,127.512,53.0303,31.4994
289,119,57,32,295.805,126.677,53.3514,31.6026
286,119,56,31,294.057,126.034,53.5572,31.6031
278,122,56,30,290.842,125.451,53.7943,31.5736
274,123,56,30,288.687,125.132,53.9747,31.5099
265,123,56,30,284.947,124.659,54.193,31.4803
261,123,55,30,282.274,124.379,54.292,31.4208
258,125,57,29,279.538,124.233,54.5092,31.3046
251,128,56,30,275.483,124.136,54.6984,31.2771
242,129,61,30,270.876,124.097,55.2021,31.2512
238,129,57,30,267.515,124.229,55.3749,31.2002
233,129,60,30,262.866,124.221,55.7812,31.1716
228,129,57,30,258.073,124.223,55.984,31.1421
225,130,55,30,253.124,124.284,56.0559,31.1138
225,131,56,30,249.645,124.539,56.1302,31.0677
223,131,55,30,245.523,124.72,56.167,31.0327
223,131,56,30,242.757,124.993,56.2155,30.985
223,132,56,29,239.937,125.293,56.2706,30.8807
223,132,55,29,237.47,125.589,56.2534,30.7807
224,132,55,29,233.676,125.765,56.2972,30.6977
226,133,53,29,230.132,126.007,56.2109,30.6153
231,135,53,28,227.364,126.397,56.1119,30.4678
237,137,51,28,225.007,126.906,55.8864,30.3236
240,138,51,28,224.488,127.535,55.6228,30.181
243,138,51,28,224.219,128.124,55.3754,30.0476
246,139,51,28,224.132,128.738,55.1441,29.9226
253,142,52,28,223.073,129.473,55.0169,29.8006
260,145,51,27,222.68,130.391,54.8238,29.6177
267,146,50,27,222.883,131.357,54.5673,29.4389
271,147,50,27,224.598,132.342,54.3015,29.2766
273,150,49,27,226.347,133.453,53.9899,29.1246
277,152,50,27,227.934,134.634,53.7601,28.9775
282,152,50,26,229.307,135.793,53.5424,28.7676
285,152,49,26,230.569,136.944,53.2669,28.5575
287,153,48,26,232.126,138.125,52.9321,28.3547
288,153,48,26,233.6,139.301,52.6014,28.1519
287,153,45,26,236.204,140.27,52.1079,27.9931
287,153,48,26,238.562,141.182,51.8351,27.843
286,150,48,26,239.812,142.03,51.5471,27.6641
283,149,45,25,241.913,142.572,51.1207,27.4749
280,149,44,26,243.455,143.127,50.6498,27.3487
272,147,45,26,243.893,143.66,50.2281,27.1998
268,144,44,26,244.541,143.877,49.7907,27.0816
265,144,44,26,245.254,144.01,49.4014,26.9867
259,142,45,26,244.694,144.235,49.0107,26.8424
256,141,45,25,244.861,144.168,48.7189,26.6982
254,140,44,25,244.863,144.054,48.3824,26.561
251,139,44,25,244.632,143.901,48.0596,26.4279
247,138,44,24,243.555,143.838,47.6744,26.194
244,138,44,24,242.415,143.751,47.3067,25.971
242,137,44,25,241.795,143.475,47.0306,25.865
240,137,45,25,240.482,143.331,46.7453,25.7144
239,138,45,24,239.224,143.231,46.4775,25.5114
238,138,45,25,238.576,143.018,46.3071,25.4314
238,138,48,25,237.361,142.919,46.2476,25.3039
238,138,48,25,236.109,142.83,46.1818,25.1732
238,139,48,24,235.758,142.668,46.2325,25.0592
238,139,48,25,235.058,142.573,46.2318,24.9809
238,139,48,24,234.058,142.53,46.1902,24.8126
239,139,49,24,233.356,142.456,46.2405,24.6675
241,139,48,24,232.877,142.374,46.2336,24.5337
241,139,45,25,232.706,142.256,46.0708,24.4973
241,139,45,25,232.153,142.195,45.8642,24.4247
242,139,48,25,231.585,142.146,45.8468,24.3445
243,139,48,25,231.42,142.057,45.8711,24.2979
244,139,48,25,231.207,141.985,45.8795,24.2407
245,139,48,25,231.145,141.905,45.8977,24.1928
245,140,45,26,231.598,141.835,45.7803,24.2654
246,140,48,26,231.901,141.791,45.842,24.3148
246,139,45,25,232.368,141.664,45.7311,24.3152
247,140,48,26,232.542,141.647,45.7729,24.346
247,140,48,25,232.603,141.643,45.7989,24.2997
247,140,48,26,232.728,141.631,45.8332,24.3273
247,140,45,26,232.882,141.616,45.6706,24.3574
247,140,45,26,233.336,141.565,45.5593,24.4172
247,140,45,26,233.604,141.537,45.4285,24.4577
247,140,45,26,234.101,141.481,45.3431,24.5204
247,140,45,26,234.608,141.423,45.271,24.5832
248,140,48,25,234.772,141.414,45.3282,24.5407
248,141,48,26,235.042,141.457,45.4026,24.5753
248,141,45,25,235.274,141.502,45.273,24.5403
248,141,45,25,235.544,141.541,45.1539,24.5105
248,141,45,25,236.019,141.55,45.081,24.5058
248,141,45,25,236.367,141.573,44.9911,24.4897
248,141,45,25,236.586,141.611,44.879,24.4602
248,141,45,25,236.923,141.631,44.7966,24.4462
248,141,45,25,237.207,141.656,44.7069,24.4273
248,141,45,25,237.71,141.644,44.6777,24.4391
248,141,45,25,238.161,141.636,44.6461,24.4477
248,141,45,25,238.428,141.655,44.5734,24.434
248,141,45,25,238.667,141.677,44.4966,24.4176
248,141,45,25,239.121,141.659,44.4879,24.4344
249,141,48,25,239.577,141.647,44.6609,24.4455
249,141,48,25,240.008,141.635,44.8244,24.4568
249,141,48,25,240.409,141.625,44.9765,24.4668
249,142,48,26,240.637,141.709,45.0794,24.513
247,142,48,25,240.801,141.777,45.1985,24.5059
244,143,49,26,240.877,141.88,45.4015,24.5784
240,143,49,26,240.669,141.985,45.5849,24.6416
234,143,49,27,240.173,142.07,45.7696,24.7695
220,143,48,27,238.691,142.187,45.8597,24.8747
200,144,43,29,236.006,142.362,45.6404,25.1029
192,145,48,30,233.119,142.559,45.7585,25.3915
165,147,44,31,228.449,142.906,45.6059,25.7288
148,148,44,33,223.261,143.255,45.4851,26.1726
130,148,45,32,217.157,143.599,45.4246,26.5341
95,149,48,32,208.901,144.015,45.5377,26.8894
61,151,49,33,198.622,144.554,45.7078,27.3021
35,155,48,38,186.879,145.336,45.8128,28.0236
20,155,41,44,174.522,146.092,45.4706,29.1109
17,152,34,50,163.659,146.539,44.7289,30.4696
10,153,21,50,152.933,147.028,43.2252,31.7502
10,146,21,48,142.865,147.058,41.8116,32.8314
2,157,4,42,132.876,147.752,39.4533,33.49
2,162,5,31,121.807,148.817,37.1284,33.5522
7,162,14,31,110.996,149.884,35.3755,33.6241
