timestamp,Distance_Z_Avg,marker1_x,marker1_y,marker1_z,marker2_x,marker2_y,marker2_z,Length_Measured,absolute_error_m,relative_error_percent
1769451202.09755,5.535169,0.477099,0.40698,5.5105,0.20752,0.250872,5.514667,0.311544,0.011544,3.848075
1769451202.16567,5.527646,0.478942,0.401364,5.502667,0.207257,0.250554,5.507667,0.310776,0.010776,3.592111
1769451202.18972,5.521951,0.478272,0.400808,5.495,0.207118,0.250387,5.504,0.310212,0.010212,3.404132
1769451202.22753,5.532667,0.479403,0.401756,5.508,0.207433,0.250766,5.512334,0.311102,0.011102,3.700703
1769451202.26415,5.533005,0.47955,0.401876,5.509667,0.207394,0.25072,5.511334,0.311319,0.011319,3.772922
1769451202.33778,5.531653,0.478968,0.401392,5.503,0.207546,0.250902,5.515334,0.310595,0.010595,3.531649
1769451202.35698,5.530664,0.479432,0.401781,5.508334,0.20727,0.250568,5.508,0.311349,0.011349,3.782941
1769451202.39571,5.53133,0.479347,0.401706,5.507334,0.207358,0.250674,5.510334,0.311124,0.011124,3.708017
1769451202.44139,5.532172,0.479609,0.401926,5.510334,0.207307,0.250615,5.509,0.311521,0.011521,3.840344
1769451202.50402,5.526479,0.478997,0.401416,5.503334,0.207144,0.250416,5.504667,0.310977,0.010977,3.659078
1769451202.52665,5.528488,0.479232,0.401607,5.506,0.207194,0.250477,5.506,0.311199,0.011199,3.73288
1769451202.56479,5.529162,0.479434,0.401777,5.508334,0.207157,0.250433,5.505,0.311531,0.011531,3.843611
1769451202.63414,5.529325,0.479289,0.401656,5.506667,0.207232,0.250523,5.507,0.311217,0.011217,3.739137
1769451202.65532,5.532236,0.476707,0.406647,5.506,0.207471,0.250811,5.513334,0.311171,0.011171,3.723578
1769451202.69306,5.530667,0.479551,0.401877,5.509667,0.207219,0.250508,5.506667,0.311586,0.011586,3.862059
1769451202.73189,5.536519,0.479841,0.402121,5.513,0.207533,0.250888,5.515,0.311492,0.011492,3.830687
1769451202.766,5.528314,0.478972,0.401388,5.503,0.207293,0.2506,5.508667,0.31077,0.01077,3.5901
1769451202.80256,5.529828,0.479375,0.40173,5.507667,0.207231,0.250523,5.507,0.31133,0.01133,3.776628
1769451202.87067,5.536008,0.47949,0.40183,5.509,0.207645,0.251025,5.518,0.311003,0.011003,3.667785
1769451202.8917,5.527144,0.478912,0.401342,5.502333,0.207232,0.250523,5.507,0.31077,0.01077,3.590121
1769451202.93576,5.530325,0.47923,0.401608,5.506,0.207332,0.250645,5.509667,0.311017,0.011017,3.672489
1769451203.0013,5.531833,0.479432,0.40178,5.508334,0.207358,0.250675,5.510334,0.311226,0.011226,3.74197
1769451203.0235,5.532668,0.479432,0.401782,5.508334,0.207419,0.250752,5.512,0.311151,0.011151,3.716885
1769451203.0603,5.530153,0.479056,0.401464,5.504,0.207394,0.250721,5.511334,0.310769,0.010769,3.589536
1769451203.09663,5.530828,0.479316,0.401683,5.507,0.207332,0.250645,5.509667,0.311119,0.011119,3.70629
1769451203.16302,5.528998,0.47955,0.401878,5.509667,0.207094,0.250354,5.503334,0.31182,0.01182,3.939841
1769451203.18966,5.528484,0.479056,0.401464,5.504,0.20727,0.250569,5.508,0.310891,0.010891,3.63023
1769451203.22699,5.535681,0.479722,0.402024,5.511667,0.207521,0.25087,5.514667,0.311367,0.011367,3.789146
1769451203.26496,5.535678,0.479608,0.401923,5.510334,0.207571,0.250933,5.516,0.311183,0.011183,3.727582
1769451203.33252,5.526801,0.478562,0.40105,5.498333,0.207358,0.250675,5.510334,0.310336,0.010336,3.445388
1769451203.3558,5.532505,0.479607,0.401926,5.510334,0.207331,0.250645,5.509667,0.311482,0.011482,3.827288
1769451203.39323,5.531837,0.479608,0.401924,5.510334,0.207282,0.250584,5.508334,0.31156,0.01156,3.853464
1769451203.43412,5.529316,0.47897,0.401388,5.503,0.20737,0.25069,5.510667,0.310701,0.010701,3.567113
1769451203.50138,5.528483,0.479028,0.401438,5.503667,0.207282,0.250584,5.508334,0.310846,0.010846,3.615352
1769451203.5221,5.528149,0.479028,0.401437,5.503667,0.207257,0.250554,5.507667,0.310872,0.010872,3.623917
1769451203.56367,5.528978,0.478825,0.401269,5.501334,0.207407,0.250736,5.511667,0.310539,0.010539,3.513065
1769451203.63292,5.530487,0.479056,0.401462,5.504,0.20742,0.250751,5.512,0.310747,0.010747,3.582383
1769451203.65498,5.532504,0.479547,0.40188,5.509667,0.207358,0.250675,5.510334,0.311369,0.011369,3.789525
1769451203.69318,5.528815,0.478968,0.401391,5.503,0.207332,0.250645,5.509667,0.310733,0.010733,3.577655
1769451203.79643,5.532839,0.47961,0.401923,5.510334,0.207357,0.250675,5.510334,0.311445,0.011445,3.815051
1769451203.82186,5.534256,0.477316,0.407164,5.513,0.207357,0.250675,5.510334,0.312049,0.012049,4.016175
1769451203.86208,5.532827,0.476925,0.406832,5.5085,0.20742,0.25075,5.512,0.311459,0.011459,3.819546
1769451203.89596,5.531158,0.479173,0.40156,5.505334,0.207421,0.25075,5.512,0.310865,0.010865,3.621726
1769451203.93234,5.533004,0.479521,0.401851,5.509334,0.207407,0.250735,5.511667,0.311268,0.011268,3.755986
1769451203.9662,5.529662,0.479405,0.401754,5.508,0.207206,0.250493,5.506334,0.311408,0.011408,3.802606
1769451204.0354,5.530994,0.47929,0.401658,5.506667,0.207357,0.250675,5.510334,0.311058,0.011058,3.68588
1769451204.05652,5.526649,0.479141,0.401539,5.505,0.207093,0.250356,5.503334,0.311238,0.011238,3.745879
1769451204.09339,5.532509,0.479754,0.402046,5.512,0.207269,0.250569,5.508,0.311785,0.011785,3.928209
1769451204.13225,5.531833,0.479435,0.401778,5.508334,0.207357,0.250675,5.510334,0.311228,0.011228,3.742742
1769451204.1984,5.532498,0.479349,0.401704,5.507334,0.207444,0.250782,5.512667,0.311028,0.011028,3.675864
1769451204.23179,5.528485,0.479115,0.40151,5.504667,0.207243,0.250539,5.507333,0.310988,0.010988,3.662688
1769451204.25665,5.53434,0.47952,0.401855,5.509334,0.207508,0.250856,5.514334,0.311153,0.011153,3.717523
1769451204.29466,5.530168,0.47961,0.401924,5.510334,0.207157,0.250433,5.505,0.311784,0.011784,3.927894
1769451204.36347,5.531489,0.479053,0.401461,5.504,0.207495,0.250841,5.514,0.310693,0.010693,3.564257
1769451204.38808,5.531653,0.47894,0.401364,5.502667,0.207558,0.250918,5.515667,0.310566,0.010566,3.521893
1769451204.42574,5.526812,0.47897,0.401389,5.503,0.207182,0.250461,5.505667,0.310894,0.010894,3.631196
1769451204.46438,5.529894,0.476534,0.4065,5.504,0.207371,0.250689,5.510667,0.31108,0.01108,3.693184
1769451204.49833,5.526982,0.479086,0.401488,5.504334,0.207143,0.250418,5.504667,0.311087,0.011087,3.695703
1769451204.56812,5.532829,0.479203,0.401584,5.505667,0.207532,0.250889,5.515,0.310807,0.010807,3.602403
1769451204.58824,5.535347,0.479725,0.402024,5.511667,0.207494,0.250842,5.514,0.311401,0.011401,3.800362
1769451204.62638,5.529829,0.479402,0.401757,5.508,0.207219,0.250508,5.506667,0.311386,0.011386,3.795472
1769451204.66253,5.528489,0.479259,0.401633,5.506334,0.207181,0.250462,5.505667,0.311255,0.011255,3.751661
1769451204.73405,5.533668,0.479378,0.401729,5.507667,0.20752,0.250872,5.514667,0.310988,0.010988,3.662522
1769451204.75498,5.528471,0.478591,0.401073,5.498667,0.20747,0.250811,5.513334,0.310323,0.010323,3.441146
1769451204.79413,5.535009,0.47958,0.4019,5.51,0.207533,0.250887,5.515,0.31119,0.01119,3.730135
1769451204.8649,5.530332,0.479493,0.401827,5.509,0.207219,0.250508,5.506667,0.311506,0.011506,3.835221
1769451204.90109,5.529321,0.479146,0.401533,5.505,0.207294,0.250599,5.508667,0.310962,0.010962,3.654152
1769451204.93672,5.535178,0.479667,0.401973,5.511,0.207507,0.250857,5.514334,0.311317,0.011317,3.772208
1769451204.97255,5.528993,0.479377,0.401729,5.507667,0.207169,0.250447,5.505334,0.31143,0.01143,3.810104
1769451205.00806,5.531499,0.479434,0.401777,5.508334,0.207332,0.250645,5.509667,0.31126,0.01126,3.753217
1769451205.04038,5.536168,0.479233,0.401607,5.506,0.207771,0.251176,5.521334,0.310735,0.010735,3.578314
1769451205.06245,5.529991,0.479232,0.401607,5.506,0.207307,0.250614,5.509,0.311048,0.011048,3.68272
1769451205.10075,5.532155,0.478997,0.401416,5.503334,0.20757,0.250934,5.516,0.310609,0.010609,3.536391
1769451205.17147,5.535346,0.479695,0.401996,5.511334,0.207508,0.250857,5.514334,0.311349,0.011349,3.782925
1769451205.19325,5.531494,0.479262,0.401632,5.506334,0.207407,0.250737,5.511667,0.310971,0.010971,3.656901
1769451205.22997,5.529993,0.47929,0.401656,5.506667,0.207282,0.250585,5.508334,0.311149,0.011149,3.716371
1769451205.26745,5.531832,0.479405,0.401754,5.508,0.207369,0.250691,5.510667,0.311176,0.011176,3.725485
1769451205.30759,5.535678,0.479608,0.401924,5.510334,0.207572,0.250932,5.516,0.311183,0.011183,3.727612
1769451205.34053,5.532498,0.479345,0.401706,5.507334,0.207445,0.250781,5.512667,0.311025,0.011025,3.675115
1769451205.40811,5.539195,0.480012,0.402267,5.515,0.207659,0.251039,5.518334,0.311541,0.011541,3.84694
1769451205.42778,5.531156,0.479086,0.401485,5.504334,0.207458,0.250796,5.513,0.310748,0.010748,3.58266
1769451205.46491,5.530652,0.478998,0.401415,5.503334,0.207457,0.250798,5.513,0.310666,0.010666,3.55549
1769451205.53805,5.532333,0.479405,0.401755,5.508,0.207407,0.250736,5.511667,0.311132,0.011132,3.710578
1769451205.56073,5.530831,0.479435,0.401777,5.508334,0.207282,0.250584,5.508334,0.311331,0.011331,3.777114
1769451205.59694,5.53032,0.479055,0.401464,5.504,0.207407,0.250736,5.511667,0.310758,0.010758,3.585852
1769451205.63331,5.534843,0.479636,0.401949,5.510667,0.207494,0.250843,5.514,0.311296,0.011296,3.765245
1769451205.70362,5.530407,0.47697,0.406869,5.509,0.207218,0.250509,5.506667,0.311801,0.011801,3.933671
1769451205.72585,5.533669,0.477187,0.407054,5.5115,0.20737,0.250689,5.510667,0.311853,0.011853,3.95084
1769451205.76696,5.530834,0.479548,0.40188,5.509667,0.207232,0.250522,5.507,0.311564,0.011564,3.854744
1769451205.83733,5.536016,0.479782,0.402071,5.512334,0.20752,0.250872,5.514667,0.311437,0.011437,3.812239
1769451205.86184,5.534008,0.479608,0.401925,5.510334,0.207446,0.25078,5.512667,0.311324,0.011324,3.774711
1769451205.89735,5.529657,0.479231,0.401608,5.506,0.207282,0.250583,5.508334,0.311079,0.011079,3.692922
1769451205.93337,5.528327,0.479432,0.401781,5.508334,0.207093,0.250356,5.503334,0.311646,0.011646,3.881921
1769451206.00343,5.533502,0.479406,0.401751,5.508,0.207495,0.250841,5.514,0.311039,0.011039,3.679589
1769451206.02797,5.533338,0.479523,0.401849,5.509334,0.207432,0.250766,5.512334,0.311238,0.011238,3.745896
1769451206.06488,5.529489,0.479175,0.401558,5.505334,0.207294,0.250599,5.508667,0.310996,0.010996,3.665428
1769451206.13724,5.527479,0.476751,0.406684,5.5065,0.207092,0.250357,5.503334,0.311712,0.011712,3.903906
1769451206.16033,5.522121,0.47836,0.40088,5.496,0.207097,0.250357,5.503334,0.310313,0.010313,3.437792
1769451206.19692,5.512949,0.477312,0.400011,5.484,0.211887,0.24756,5.497,0.306367,0.006367,2.122383
1769451208.39526,4.929696,0.460815,0.37856,4.883667,0.199067,0.224297,4.930334,0.307387,0.007387,2.462444
1769451208.43065,4.932376,0.461133,0.378816,4.887,0.19915,0.22438,4.932334,0.307474,0.007474,2.49148
1769451208.50206,4.926002,0.46013,0.377987,4.876334,0.199069,0.224289,4.930334,0.307721,0.007721,2.573587
1769451208.53695,4.919815,0.459845,0.377754,4.873334,0.19869,0.223865,4.921,0.306849,0.006849,2.283058
1769451208.55622,4.914291,0.459372,0.377368,4.868333,0.198447,0.223593,4.915,0.306441,0.006441,2.146995
1769451208.594,4.916301,0.459591,0.37755,4.870667,0.198515,0.223667,4.916667,0.306523,0.006523,2.174307
1769451208.66238,4.914469,0.459749,0.377678,4.872334,0.198299,0.223425,4.911334,0.306057,0.006057,2.019147
1769451208.68891,4.918823,0.46016,0.378013,4.876667,0.198475,0.223623,4.915667,0.306328,0.006328,2.109334
1769451208.72822,4.922158,0.460007,0.377882,4.875,0.198815,0.224003,4.924,0.307084,0.007084,2.361349
1769451208.7635,4.922634,0.460037,0.377908,4.875334,0.196586,0.22853,4.9245,0.306819,0.006819,2.273015
1769451208.83254,4.925054,0.459975,0.377856,4.874667,0.19681,0.228785,4.93,0.307474,0.007474,2.491277
1769451208.85815,4.924379,0.459756,0.377675,4.872334,0.196848,0.228831,4.931,0.307761,0.007761,2.587001
1769451208.89386,4.928081,0.460726,0.378478,4.882667,0.196727,0.228692,4.928,0.306898,0.006898,2.299226
1769451208.96674,4.924544,0.459689,0.377625,4.871667,0.196886,0.228878,4.932,0.307947,0.007947,2.648948
1769451209.00099,4.927057,0.459973,0.377857,4.874667,0.196965,0.22897,4.934,0.307994,0.007994,2.664774
1769451209.02282,4.926317,0.460352,0.378166,4.878667,0.196744,0.228715,4.9285,0.307096,0.007096,2.36549
1769451209.0599,4.923727,0.460288,0.378115,4.878,0.196568,0.228506,4.924,0.306671,0.006671,2.223705
1769451209.1018,4.923966,0.45991,0.377805,4.874,0.196748,0.228715,4.9285,0.307331,0.007331,2.443764
1769451209.16854,4.922788,0.459598,0.377547,4.870667,0.196787,0.228762,4.9295,0.307682,0.007682,2.560751
1769451209.18915,4.925307,0.460067,0.377935,4.875667,0.196785,0.228762,4.9295,0.307356,0.007356,2.452163
1769451209.22916,4.924883,0.459843,0.377759,4.873333,0.196847,0.228831,4.931,0.307687,0.007687,2.562455
1769451209.30232,4.925455,0.459435,0.377421,4.869,0.197069,0.229086,4.9365,0.308862,0.008862,2.953894
1769451209.33723,4.923298,0.459887,0.377776,4.873667,0.196708,0.228669,4.9275,0.307236,0.007236,2.411977
1769451209.3583,4.925147,0.460318,0.378143,4.878334,0.196667,0.228622,4.9265,0.306901,0.006901,2.300392
1769451209.396,4.924214,0.459813,0.377731,4.873,0.196806,0.228785,4.93,0.307583,0.007583,2.527527
1769451209.46589,4.923039,0.459592,0.37755,4.870667,0.196807,0.228785,4.93,0.307746,0.007746,2.58201
1769451209.49888,4.926391,0.460032,0.377914,4.875334,0.196887,0.228878,4.932,0.307682,0.007682,2.56071
1769451209.52441,4.928315,0.46016,0.378013,4.876667,0.196989,0.228994,4.9345,0.307914,0.007914,2.637885
1769451209.5619,4.924203,0.459436,0.377421,4.869,0.19697,0.22897,4.934,0.308466,0.008466,2.821961
1769451209.59878,4.920938,0.459154,0.377187,4.866,0.196828,0.228808,4.9305,0.308207,0.008207,2.735607
1769451209.66683,4.929579,0.460541,0.378322,4.880667,0.196928,0.228924,4.933,0.30749,0.00749,2.496676
1769451209.68933,4.924462,0.459721,0.377652,4.872,0.19687,0.228854,4.9315,0.307849,0.007849,2.616475
1769451209.72893,4.924291,0.459593,0.377551,4.870667,0.196912,0.228901,4.9325,0.308094,0.008094,2.697961
1769451209.77022,4.924869,0.459374,0.37737,4.868333,0.197048,0.229063,4.936,0.30885,0.00885,2.950067
1769451209.83938,4.921357,0.459187,0.377214,4.866333,0.196848,0.228831,4.931,0.308254,0.008254,2.751405
1769451209.86226,4.927151,0.460315,0.378144,4.878334,0.196828,0.228808,4.9305,0.307325,0.007325,2.441531
1769451209.89944,4.92463,0.459752,0.377679,4.872334,0.196868,0.228854,4.9315,0.307827,0.007827,2.609109
1769451209.97158,4.926312,0.460165,0.37801,4.876667,0.196825,0.228808,4.9305,0.30742,0.00742,2.473484
1769451209.9941,4.929738,0.460284,0.378119,4.878,0.197048,0.229063,4.936,0.308018,0.008018,2.672549
1769451210.03098,4.927148,0.460222,0.378066,4.877334,0.196869,0.228854,4.9315,0.307494,0.007494,2.498139
1769451210.0681,4.919353,0.459186,0.377214,4.866333,0.196687,0.228646,4.927,0.307666,0.007666,2.555393
1769451210.13589,4.929582,0.460637,0.378398,4.881667,0.19689,0.228878,4.932,0.307331,0.007331,2.443666
1769451210.1607,4.927979,0.4601,0.377959,4.876,0.196987,0.228994,4.9345,0.307963,0.007963,2.654347
1769451210.19795,4.9248,0.459875,0.377784,4.873667,0.196829,0.228808,4.9305,0.307599,0.007599,2.532867
1769451210.23901,4.923039,0.459593,0.377551,4.870667,0.196809,0.228785,4.93,0.307745,0.007745,2.581775
1769451210.30582,4.927823,0.460447,0.378243,4.879667,0.196826,0.228808,4.9305,0.307263,0.007263,2.421111
1769451210.33028,4.926559,0.460065,0.377937,4.875667,0.196887,0.228878,4.932,0.30766,0.00766,2.553382
1769451210.36585,4.92472,0.460001,0.377885,4.875,0.196767,0.228738,4.929,0.307332,0.007332,2.443987
1769451210.40286,4.927225,0.460003,0.377885,4.875,0.196968,0.22897,4.934,0.307967,0.007967,2.655813
1769451210.47296,4.927299,0.459686,0.377629,4.871667,0.197109,0.229133,4.9375,0.308759,0.008759,2.919638
1769451210.49361,4.927643,0.460033,0.377911,4.875333,0.196989,0.228994,4.9345,0.308009,0.008009,2.669581
1769451210.53483,4.922876,0.459748,0.377681,4.872334,0.196731,0.228692,4.928,0.307367,0.007367,2.455628
1769451210.56887,4.923876,0.459658,0.377602,4.871334,0.196853,0.228831,4.931,0.30783,0.00783,2.609982
1769451210.6424,4.92488,0.45975,0.377679,4.872334,0.19689,0.228878,4.932,0.307892,0.007892,2.630758
1769451210.6607,4.924632,0.459845,0.377755,4.873334,0.196828,0.228808,4.9305,0.307622,0.007622,2.540772
1769451210.70431,4.924385,0.459938,0.377836,4.874334,0.196769,0.228738,4.929,0.307371,0.007371,2.456858
1769451210.77321,4.926548,0.459685,0.377629,4.871667,0.197051,0.229063,4.936,0.308525,0.008525,2.841507
1769451210.7938,4.928415,0.4607,0.378449,4.882334,0.196769,0.228738,4.929,0.307003,0.007003,2.334332
1769451210.83187,4.92161,0.45928,0.377291,4.867333,0.196826,0.228808,4.9305,0.30809,0.00809,2.696503
1769451210.90046,4.921951,0.45953,0.377499,4.87,0.196742,0.228715,4.9285,0.307597,0.007597,2.532482
1769451210.92731,4.926735,0.460381,0.378195,4.879,0.19677,0.228738,4.929,0.307129,0.007129,2.376251
1769451210.96722,4.92681,0.460074,0.377931,4.875667,0.196909,0.228901,4.9325,0.307727,0.007727,2.575755
1769451211.03864,4.921789,0.459687,0.377627,4.871667,0.196668,0.228622,4.9265,0.307226,0.007226,2.408786
1769451211.06188,4.926477,0.4601,0.37796,4.876,0.196865,0.228854,4.9315,0.30758,0.00758,2.526675
1769451211.12674,4.926061,0.460166,0.37801,4.876667,0.196806,0.228785,4.93,0.307362,0.007362,2.453951
1769451211.16373,4.918424,0.454337,0.375764,4.862,0.196813,0.228785,4.93,0.304213,0.004213,1.404421
1769451211.20215,4.922697,0.45934,0.377346,4.868,0.196888,0.228878,4.932,0.308252,0.008252,2.750728
1769451211.23142,4.926064,0.460253,0.378092,4.877667,0.196767,0.228738,4.929,0.307191,0.007191,2.397117
1769451211.25699,4.929075,0.460443,0.378247,4.879667,0.19693,0.228924,4.933,0.30754,0.00754,2.513447
1769451211.29567,4.93085,0.461204,0.378862,4.887667,0.196748,0.228715,4.9285,0.306836,0.006836,2.278726
1769451211.36633,4.920617,0.459561,0.377523,4.870334,0.196627,0.228576,4.9255,0.307186,0.007186,2.395341
1769451211.39002,4.923297,0.459877,0.377782,4.873667,0.196708,0.228669,4.9275,0.30723,0.00723,2.410155
1769451211.43002,4.928161,0.460608,0.378371,4.881334,0.196791,0.228762,4.9295,0.307087,0.007087,2.362495
1769451211.46412,4.927479,0.460102,0.377959,4.876,0.196949,0.228947,4.9335,0.307832,0.007832,2.610554
1769451211.53131,4.919521,0.459214,0.377242,4.866667,0.196689,0.228646,4.927,0.307637,0.007637,2.545654
1769451211.55592,4.925461,0.459626,0.377574,4.871,0.196987,0.228994,4.9345,0.308363,0.008363,2.787661
1769451211.59398,4.923707,0.459623,0.377577,4.871,0.196848,0.228831,4.931,0.307857,0.007857,2.618882
1769451211.63714,4.920443,0.459341,0.377343,4.868,0.196709,0.228669,4.9275,0.307603,0.007603,2.534207
1769451211.7054,4.924723,0.460092,0.377965,4.876,0.196729,0.228692,4.928,0.307159,0.007159,2.386248
1769451211.72294,4.925153,0.460497,0.378305,4.880334,0.196586,0.22853,4.9245,0.306647,0.006647,2.215716
1769451211.76076,4.925398,0.460315,0.378144,4.878334,0.196687,0.228646,4.927,0.30695,0.00695,2.31651
1769451211.79762,4.926983,0.46028,0.378122,4.878,0.196829,0.228808,4.9305,0.307339,0.007339,2.446169
1769451211.86533,4.925224,0.460092,0.377966,4.876,0.196767,0.228738,4.929,0.307275,0.007275,2.424844
1769451211.88962,4.927891,0.459938,0.377836,4.874334,0.197052,0.229063,4.936,0.308294,0.008294,2.764605
1769451211.92623,4.923041,0.45968,0.377633,4.871667,0.196766,0.228738,4.929,0.30754,0.00754,2.513292
1769451211.99571,4.924126,0.459653,0.377605,4.871333,0.196868,0.228854,4.9315,0.307901,0.007901,2.633511
1769451212.02296,4.930498,0.460566,0.378351,4.881,0.196987,0.228994,4.9345,0.307642,0.007642,2.547462
1769451212.06083,4.927401,0.460321,0.37814,4.878334,0.196846,0.228831,4.931,0.307386,0.007386,2.461918
1769451212.1028,4.925125,0.459563,0.377524,4.870334,0.19699,0.228994,4.9345,0.308421,0.008421,2.806873
1769451212.13598,4.927575,0.460543,0.37832,4.880667,0.196769,0.228738,4.929,0.307063,0.007063,2.35438
1769451212.20351,4.930996,0.460473,0.378274,4.88,0.197067,0.229086,4.9365,0.307948,0.007948,2.649182
1769451212.22354,4.924052,0.459968,0.377861,4.874667,0.19673,0.228692,4.928,0.30723,0.00723,2.409887
1769451212.26276,4.927993,0.460574,0.378347,4.881,0.196789,0.228762,4.9295,0.3071,0.0071,2.366559
1769451212.29704,4.923292,0.459694,0.377623,4.871667,0.196788,0.228762,4.9295,0.30761,0.00761,2.536765
1769451212.33214,4.926314,0.460259,0.378088,4.877667,0.196789,0.228762,4.9295,0.307248,0.007248,2.416115
1769451212.40304,4.924555,0.460071,0.377934,4.875667,0.19673,0.228692,4.928,0.307181,0.007181,2.393685
1769451212.42303,4.923873,0.459567,0.37752,4.870334,0.196891,0.228878,4.932,0.308052,0.008052,2.683887
1769451212.46056,4.934619,0.461576,0.379174,4.891667,0.196891,0.228878,4.932,0.30704,0.00704,2.346813
1769451212.49617,4.925056,0.460069,0.377935,4.875667,0.196769,0.228738,4.929,0.307296,0.007296,2.432092
1769451212.56525,4.923969,0.460008,0.377881,4.875,0.196705,0.228669,4.9275,0.307163,0.007163,2.387633
1769451212.58937,4.928073,0.460447,0.378243,4.879667,0.196851,0.228831,4.931,0.307314,0.007314,2.437974
1769451212.62667,4.926061,0.46016,0.378013,4.876667,0.196809,0.228785,4.93,0.307355,0.007355,2.451792
1769451212.66316,4.92649,0.460575,0.378345,4.881,0.196665,0.228622,4.9265,0.306815,0.006815,2.271528
1769451212.73119,4.931596,0.461011,0.37871,4.885667,0.196887,0.228878,4.932,0.307177,0.007177,2.392366
1769451212.75524,4.920776,0.459308,0.377321,4.867667,0.196748,0.228715,4.9285,0.307769,0.007769,2.589765
1769451212.79126,4.920184,0.459056,0.377113,4.865,0.19681,0.228785,4.93,0.308219,0.008219,2.739758
1769451212.82894,4.926479,0.46019,0.37804,4.877,0.196829,0.228808,4.9305,0.307395,0.007395,2.464848
1769451212.86948,4.92507,0.460541,0.37832,4.880667,0.196568,0.228506,4.924,0.3066,0.0066,2.200129
1769451212.90267,4.918266,0.459118,0.377164,4.865667,0.196628,0.228576,4.9255,0.307505,0.007505,2.501676
1769451212.96835,4.927063,0.46016,0.378016,4.876667,0.196888,0.228878,4.932,0.307597,0.007597,2.532486
1769451212.98972,4.91863,0.459281,0.377289,4.867334,0.198843,0.224036,4.924667,0.307574,0.007574,2.524667
1769451213.02746,4.926016,0.460606,0.378372,4.881334,0.198867,0.224064,4.925334,0.307009,0.007009,2.336307
1769451213.10149,4.920303,0.459405,0.377393,4.868667,0.198921,0.22412,4.926667,0.307747,0.007747,2.58244
1769451213.12322,4.913444,0.458963,0.377032,4.864,0.198555,0.223712,4.917667,0.30692,0.00692,2.306597
1769451213.15954,4.909266,0.458838,0.376928,4.862667,0.198272,0.223394,4.910667,0.306221,0.006221,2.07354
1769451213.19595,4.900045,0.457579,0.375895,4.849333,0.198071,0.223167,4.905667,0.306339,0.006339,2.113003
1769451213.23148,4.901784,0.462752,0.38093,4.857,0.197866,0.22294,4.900667,0.3115,0.0115,3.833249
1769451213.30297,4.900469,0.463444,0.381512,4.864334,0.197464,0.222485,4.890667,0.311012,0.011012,3.670671
1769451214.95713,4.351808,0.46481,0.350804,4.3095,0.199302,0.209611,4.345334,0.302843,0.002843,0.947755
1769451214.99323,4.341049,0.468327,0.348782,4.296667,0.202849,0.207186,4.33625,0.303471,0.003471,1.156876
1769451215.02964,4.338075,0.468036,0.348564,4.294,0.202701,0.207028,4.333,0.303243,0.003243,1.081128
1769451215.09968,4.334793,0.467273,0.347995,4.287,0.202726,0.207051,4.3335,0.303337,0.003337,1.112184
1769451215.13276,4.337073,0.472074,0.35259,4.295,0.202525,0.20685,4.32925,0.308335,0.008335,2.778177
1769451215.15523,4.332878,0.467456,0.34813,4.288667,0.202467,0.206788,4.328,0.302893,0.002893,0.964175
1769451215.19817,4.33328,0.466946,0.347753,4.284,0.202723,0.207053,4.3335,0.303415,0.003415,1.138195
1769451215.26531,4.335255,0.467346,0.34805,4.287667,0.202737,0.207064,4.33375,0.303346,0.003346,1.115403
1769451215.29169,4.33169,0.466872,0.347699,4.283334,0.202607,0.206933,4.331,0.303189,0.003189,1.063049
1769451215.33077,4.328587,0.466475,0.347401,4.279667,0.202487,0.206815,4.3285,0.303049,0.003049,1.016264
1769451215.36382,4.330899,0.466946,0.347753,4.284,0.202501,0.206825,4.32875,0.302975,0.002975,0.991659
1769451215.43235,4.334421,0.467382,0.348078,4.288,0.202639,0.20697,4.33175,0.303174,0.003174,1.057887
1769451215.4676,4.334277,0.472148,0.35264,4.295667,0.202227,0.206554,4.323,0.308132,0.008132,2.710781
1769451215.49062,4.345533,0.471964,0.352519,4.294,0.211293,0.209663,4.346667,0.301879,0.001879,0.626343
1769451215.52782,4.347186,0.474575,0.35226,4.291,0.211585,0.209952,4.352667,0.305317,0.005317,1.772254
1769451215.56349,4.359111,0.476082,0.356559,4.295667,0.212491,0.210855,4.371333,0.31054,0.01054,3.513438
1769451215.60335,4.361976,0.476852,0.357142,4.302667,0.212422,0.210797,4.37,0.309635,0.009635,3.211571
1769451215.66479,4.350748,0.475745,0.356313,4.292667,0.21182,0.210204,4.357667,0.308592,0.008592,2.864101
1769451215.69042,4.334984,0.476157,0.351248,4.27875,0.210978,0.209372,4.340333,0.306987,0.006987,2.329165
1769451215.73144,4.331186,0.476242,0.351307,4.2795,0.210573,0.20897,4.332,0.305934,0.005934,1.978126
1769451215.80023,4.32338,0.475977,0.352588,4.2666,0.21438,0.206849,4.329,0.305887,0.005887,1.962327
1769451215.83277,4.339209,0.480655,0.355351,4.29275,0.214638,0.207079,4.334,0.307329,0.007329,2.442984
1769451215.8565,4.330286,0.479818,0.354731,4.28525,0.214136,0.206587,4.32375,0.30662,0.00662,2.206773
1769451215.89454,4.335458,0.480516,0.355253,4.2915,0.216698,0.207956,4.3276,0.304301,0.004301,1.433782
1769451215.93079,4.330892,0.47959,0.354575,4.28325,0.216656,0.207921,4.3268,0.304201,0.004201,1.40046
1769451216.0017,4.328576,0.479253,0.354329,4.28025,0.21658,0.20784,4.3252,0.3041,0.0041,1.366575
1769451216.02339,4.330775,0.47945,0.35447,4.282,0.214346,0.206789,4.328,0.30693,0.00693,2.310047
1769451216.06512,4.330566,0.479561,0.354558,4.283,0.216639,0.207899,4.3264,0.304171,0.004171,1.390488
1769451216.13149,4.327933,0.479534,0.354535,4.28275,0.216387,0.207659,4.3214,0.30383,0.00383,1.276694
1769451216.1561,4.332551,0.479758,0.354698,4.28475,0.216749,0.208004,4.3286,0.304328,0.004328,1.442566
1769451216.19525,4.331375,0.479786,0.354721,4.285,0.216618,0.20788,4.326,0.30414,0.00414,1.379882
1769451216.26739,4.329308,0.479842,0.354762,4.2855,0.219941,0.206465,4.32125,0.301361,0.001361,0.453735
1769451216.29109,4.330057,0.479338,0.354389,4.281,0.21669,0.207947,4.3274,0.304273,0.004273,1.424257
1769451216.3291,4.328806,0.479396,0.354426,4.2815,0.21654,0.207803,4.3244,0.304027,0.004027,1.342246
1769451216.36438,4.329507,0.479394,0.35443,4.2815,0.21661,0.20787,4.3258,0.304134,0.004134,1.378038
1769451216.43085,4.328932,0.479423,0.35445,4.28175,0.21654,0.207802,4.3244,0.304026,0.004026,1.342077
1769451216.45745,4.329537,0.479534,0.354533,4.28275,0.21655,0.207812,4.3246,0.304038,0.004038,1.345925
1769451216.49664,4.322893,0.477886,0.353304,4.268,0.216629,0.207888,4.3262,0.304611,0.004611,1.537095
1769451216.56627,4.329678,0.479255,0.354322,4.28025,0.216688,0.207947,4.3274,0.304286,0.004286,1.428708
1769451216.58857,4.330462,0.479451,0.354472,4.282,0.216682,0.207937,4.3272,0.304242,0.004242,1.413994
1769451216.62668,4.330462,0.47945,0.35447,4.282,0.216679,0.207937,4.3272,0.304243,0.004243,1.414266
1769451216.66768,4.331598,0.479703,0.354657,4.28425,0.216682,0.207937,4.3272,0.304223,0.004223,1.407735
1769451216.73635,4.327529,0.479421,0.354454,4.28175,0.2164,0.207668,4.3216,0.303833,0.003833,1.277591
1769451216.75606,4.329775,0.479537,0.354526,4.28275,0.21421,0.206657,4.32525,0.306707,0.006707,2.235828
1769451216.79609,4.331319,0.479618,0.354599,4.2835,0.216691,0.207947,4.3274,0.304245,0.004245,1.414846
1769451216.8363,4.336557,0.479395,0.354431,4.2815,0.21791,0.210322,4.33975,0.304196,0.004196,1.398671
1769451216.90002,4.332247,0.479647,0.354612,4.28375,0.216769,0.208024,4.329,0.304369,0.004369,1.456494
1769451216.92333,4.331869,0.479564,0.354552,4.283,0.216771,0.208023,4.329,0.304379,0.004379,1.459732
1769451216.96342,4.331008,0.479281,0.354352,4.2805,0.216809,0.208062,4.3298,0.304505,0.004505,1.501501
1769451217.03329,4.3278,0.479283,0.354346,4.2805,0.216489,0.207755,4.3234,0.303957,0.003957,1.319087
1769451217.06744,4.329656,0.479342,0.35438,4.281,0.216649,0.207909,4.3266,0.304205,0.004205,1.401691
1769451217.08945,4.330977,0.4799,0.354797,4.286,0.216529,0.207793,4.3242,0.304029,0.004029,1.343025
1769451217.12738,4.328071,0.479142,0.354244,4.27925,0.216579,0.20784,4.3252,0.304113,0.004113,1.371062
1769451217.16504,4.329556,0.479337,0.354391,4.281,0.216637,0.207899,4.3264,0.304191,0.004191,1.397028
1769451217.22966,4.329143,0.47976,0.354694,4.28475,0.216407,0.207679,4.3218,0.303876,0.003876,1.292124
1769451217.25607,4.337059,0.479423,0.35445,4.28175,0.217945,0.21036,4.3405,0.304276,0.004276,1.425341
1769451217.29399,4.340072,0.47959,0.354577,4.28325,0.218172,0.210579,4.345,0.304775,0.004775,1.591709
1769451217.33056,4.329492,0.479702,0.354657,4.28425,0.216468,0.207735,4.323,0.30394,0.00394,1.313436
1769451217.37095,4.342465,0.479956,0.354841,4.2865,0.218251,0.21065,4.3465,0.304763,0.004763,1.58774
1769451217.43962,4.339184,0.479254,0.354324,4.28025,0.218237,0.210638,4.34625,0.305175,0.005175,1.724843
1769451217.46061,4.338436,0.479367,0.354407,4.28125,0.218115,0.210516,4.34375,0.304735,0.004735,1.578363
1769451217.5003,4.33041,0.479395,0.354428,4.2815,0.216699,0.207956,4.3276,0.304283,0.004283,1.427535
1769451217.57134,4.331924,0.479731,0.354676,4.2845,0.216698,0.207957,4.3276,0.304253,0.004253,1.417707
1769451217.59397,4.331212,0.479392,0.354438,4.2815,0.216781,0.208034,4.3292,0.304424,0.004424,1.474709
1769451217.63643,4.337675,0.479086,0.354201,4.27875,0.218164,0.210564,4.34475,0.30507,0.00507,1.690088
1769451217.70496,4.332458,0.479981,0.354864,4.28675,0.216638,0.207899,4.3264,0.304172,0.004172,1.39065
1769451217.72684,4.335024,0.480263,0.355072,4.28925,0.216768,0.208024,4.329,0.304356,0.004356,1.451995
1769451217.7683,4.340572,0.479534,0.354532,4.28275,0.218251,0.210649,4.3465,0.305016,0.005016,1.672148
1769451217.80232,4.336628,0.480263,0.355074,4.28925,0.21693,0.208177,4.3322,0.304578,0.004578,1.525939
1769451217.87282,4.33051,0.479393,0.354435,4.2815,0.216707,0.207969,4.3278,0.304303,0.004303,1.434245
1769451217.89463,4.331044,0.479647,0.354614,4.28375,0.216651,0.207908,4.3266,0.304181,0.004181,1.393709
1769451217.93381,4.33335,0.479648,0.354611,4.28375,0.216879,0.208131,4.3312,0.304558,0.004558,1.519219
1769451217.97121,4.33742,0.478947,0.354097,4.2775,0.218199,0.210601,4.3455,0.305294,0.005294,1.764522
1769451218.03842,4.339442,0.479479,0.35449,4.28225,0.218158,0.210567,4.34475,0.304809,0.004809,1.603124
1769451218.0613,4.333847,0.480289,0.355093,4.2895,0.216637,0.207899,4.3264,0.304204,0.004204,1.401255
1769451218.09931,4.323668,0.478608,0.353856,4.2745,0.216377,0.207649,4.3212,0.303846,0.003846,1.281855
1769451218.16984,4.330941,0.479533,0.354539,4.28275,0.216687,0.207947,4.3274,0.304255,0.004255,1.41819
1769451218.19435,4.333038,0.479676,0.354634,4.284,0.214468,0.206909,4.3305,0.307115,0.007115,2.371812
1769451218.2356,4.329758,0.479002,0.354139,4.278,0.214444,0.206885,4.33,0.307211,0.007211,2.403642
1769451218.3038,4.333431,0.479843,0.354759,4.2855,0.216799,0.208053,4.3296,0.304401,0.004401,1.466863
1769451218.32749,4.330239,0.478778,0.353971,4.276,0.216961,0.208205,4.3328,0.304995,0.004995,1.66515
1769451218.36584,4.333664,0.479647,0.354616,4.28375,0.214544,0.20698,4.332,0.307252,0.007252,2.417287
1769451218.40654,4.331713,0.479393,0.354434,4.2815,0.21683,0.208081,4.3302,0.304517,0.004517,1.505536
1769451218.44014,4.329341,0.478889,0.354062,4.277,0.21682,0.208072,4.33,0.304635,0.004635,1.544882
1769451218.47807,4.336437,0.48018,0.355005,4.2885,0.214578,0.207017,4.33275,0.30725,0.00725,2.41665
1769451218.51472,4.331157,0.479647,0.354612,4.28375,0.214294,0.206743,4.327,0.306836,0.006836,2.278587
1769451218.56087,4.324339,0.478055,0.353425,4.2695,0.214332,0.206778,4.32775,0.307324,0.007324,2.441304
1769451218.60063,4.319624,0.475288,0.352078,4.2604,0.214334,0.206778,4.32775,0.306179,0.006179,2.059572
1769451218.63639,4.325976,0.47831,0.353606,4.27175,0.214381,0.206826,4.32875,0.30733,0.00733,2.443386
1769451218.705,4.328491,0.478587,0.353815,4.27425,0.214505,0.206946,4.33125,0.307504,0.007504,2.501477
1769451218.72755,4.317634,0.474101,0.349724,4.26025,0.214151,0.206617,4.32425,0.303563,0.003563,1.187511
1769451218.76374,4.319025,0.474492,0.35001,4.26375,0.214119,0.206578,4.3235,0.303211,0.003211,1.070283
1769451218.83318,4.321031,0.474518,0.350033,4.264,0.214308,0.206754,4.32725,0.303708,0.003708,1.235943
1769451218.85687,4.322534,0.47449,0.350012,4.26375,0.214468,0.206911,4.3305,0.304212,0.004212,1.404093
1769451218.89346,4.31598,0.475502,0.345425,4.255333,0.214233,0.206705,4.326,0.304136,0.004136,1.378717
1769451218.93658,4.31975,0.475839,0.345669,4.258334,0.214463,0.206913,4.3305,0.304595,0.004595,1.531755
1769451218.99978,4.319152,0.475428,0.34537,4.254667,0.214587,0.207032,4.333,0.30547,0.00547,1.823316
1769451219.02438,4.316116,0.473627,0.349378,4.256,0.214213,0.206678,4.3255,0.304121,0.004121,1.373603
1769451219.06431,4.319048,0.4761,0.345857,4.260667,0.214272,0.206739,4.32675,0.303768,0.003768,1.255942
1769451219.13346,4.319506,0.476064,0.34583,4.260333,0.214337,0.206796,4.328,0.30399,0.00399,1.330154
1769451219.15596,4.318889,0.474158,0.349765,4.26075,0.214249,0.206714,4.32625,0.30382,0.00382,1.273238
1769451219.19354,4.318633,0.473992,0.349639,4.25925,0.214295,0.206764,4.32725,0.304105,0.004105,1.368273
1769451219.26611,4.319895,0.474268,0.349848,4.26175,0.214294,0.206763,4.32725,0.303891,0.003891,1.297101
1769451219.28894,4.322824,0.471324,0.346899,4.2615,0.21067,0.209065,4.334,0.303636,0.003636,1.211978
1769451219.32706,4.32073,0.471157,0.346776,4.26,0.21054,0.208939,4.331333,0.303329,0.003329,1.109831
1769451219.36892,4.321105,0.471127,0.346757,4.25975,0.210587,0.208989,4.332334,0.303528,0.003528,1.175928
1769451219.43675,4.321391,0.474271,0.349844,4.26175,0.21049,0.208893,4.330334,0.306841,0.006841,2.280427
1769451219.45692,4.317026,0.473601,0.349357,4.25575,0.210361,0.208761,4.327667,0.306976,0.006976,2.325346
1769451219.50019,4.315096,0.473324,0.349146,4.25325,0.210295,0.208698,4.326334,0.307004,0.007004,2.334565
1769451219.53454,4.313704,0.472903,0.348844,4.2495,0.210345,0.208747,4.327334,0.307607,0.007607,2.53573
1769451219.59985,4.309558,0.472539,0.348581,4.24625,0.210103,0.208502,4.322333,0.307057,0.007057,2.352219
1769451219.62443,4.300791,0.471344,0.347697,4.2355,0.20978,0.208178,4.315667,0.307096,0.007096,2.365454
1769451219.66156,4.300791,0.474669,0.350915,4.23925,0.209571,0.207968,4.311334,0.309689,0.009689,3.229544
1769451221.73469,3.770883,0.351194,0.334408,3.73075,0.085385,0.191702,3.7738,0.30475,0.00475,1.583462
1769451221.80292,3.772067,0.351357,0.334564,3.7325,0.083321,0.190709,3.7745,0.307086,0.007086,2.361926
1769451221.80292,3.755852,0.346319,0.329683,3.70625,0.079752,0.192158,3.769,0.306445,0.006445,2.148438
1769451221.86006,3.755842,0.346045,0.329412,3.70325,0.079815,0.192314,3.772,0.307247,0.007247,2.415709
1769451221.90128,3.758141,0.349228,0.332553,3.71,0.079759,0.192176,3.769334,0.30958,0.00958,3.193382
1769451221.9711,3.760418,0.349851,0.333138,3.7165,0.079717,0.192073,3.767334,0.308959,0.008959,2.986332
1769451222.00561,3.75061,0.3456,0.32899,3.6985,0.079697,0.19202,3.766333,0.306703,0.006703,2.234259
1769451222.03783,3.753599,0.347508,0.329893,3.6972,0.079845,0.192378,3.773334,0.310403,0.010403,3.467721
1769451222.0592,3.750435,0.341922,0.330402,3.695334,0.079761,0.192175,3.769334,0.305469,0.005469,1.822975
1769451222.09713,3.748082,0.341491,0.329982,3.690667,0.079762,0.192172,3.769334,0.306075,0.006075,2.0251
1769451222.16695,3.750763,0.34177,0.33025,3.693667,0.079815,0.192287,3.771667,0.306167,0.006167,2.055738
1769451222.1975,3.750042,0.337516,0.331055,3.69325,0.075501,0.193112,3.771,0.306146,0.006146,2.048809
1769451222.22203,3.74666,0.337473,0.331008,3.69275,0.075376,0.192786,3.76475,0.304933,0.004933,1.64432
1769451222.26123,3.741626,0.336742,0.330291,3.68475,0.075336,0.192685,3.76275,0.305537,0.005537,1.845618
1769451222.29951,3.734127,0.337088,0.330625,3.6885,0.074955,0.191726,3.744,0.301806,0.001806,0.602087
1769451222.36731,3.729795,0.336929,0.330468,3.68675,0.074295,0.189845,3.7372,0.302153,0.002153,0.71764
1769451222.3897,3.730745,0.336535,0.333106,3.688,0.072256,0.188848,3.73775,0.305171,0.005171,1.723609
1769451222.42917,3.726169,0.336025,0.3326,3.6824,0.072184,0.188675,3.73425,0.304983,0.004983,1.661125
1769451222.46472,3.727602,0.336175,0.332742,3.684,0.072211,0.188736,3.7355,0.305069,0.005069,1.689676
1769451222.53012,3.722599,0.335612,0.33218,3.6778,0.072138,0.188547,3.73175,0.304893,0.004893,1.631063
1769451222.5572,3.725884,0.335774,0.332344,3.6796,0.072229,0.188788,3.7365,0.305454,0.005454,1.818051
1769451222.5952,3.726736,0.335793,0.332363,3.6798,0.072262,0.18886,3.738,0.305661,0.005661,1.886864
1769451222.63797,3.725607,0.339083,0.332631,3.68275,0.072151,0.188586,3.7325,0.307371,0.007371,2.457036
1769451222.70401,3.726741,0.339288,0.332838,3.685,0.072153,0.188583,3.7325,0.307289,0.007289,2.42983
1769451222.72314,3.725108,0.339124,0.332683,3.68325,0.072129,0.188505,3.731,0.307171,0.007171,2.390266
1769451222.76449,3.725855,0.339124,0.332682,3.68325,0.074205,0.1896,3.7324,0.305075,0.005075,1.691549
1769451222.83446,3.724023,0.339006,0.332574,3.682,0.074155,0.189478,3.73,0.304837,0.004837,1.612495
1769451222.85615,3.733201,0.338868,0.332439,3.6805,0.075083,0.192016,3.74975,0.306752,0.006752,2.250765
1769451222.89389,3.734953,0.338865,0.332442,3.6805,0.075155,0.192195,3.75325,0.307417,0.007417,2.472241
1769451222.93311,3.740205,0.341783,0.335357,3.68475,0.075269,0.192489,3.759,0.311374,0.011374,3.791361
1769451223.00252,3.738818,0.341502,0.335092,3.68175,0.075269,0.192504,3.75925,0.311798,0.011798,3.932536
1769451223.02354,3.740477,0.342332,0.335924,3.69075,0.075153,0.192212,3.7535,0.309798,0.009798,3.266114
1769451223.06053,3.737965,0.342123,0.335719,3.6885,0.075094,0.192072,3.75075,0.309538,0.009538,3.179489
1769451223.09719,3.740621,0.342869,0.336439,3.6965,0.075041,0.191932,3.748,0.308652,0.008652,2.883962
1769451223.16921,3.739219,0.34217,0.335762,3.689,0.075139,0.192175,3.75275,0.309817,0.009817,3.272376
1769451223.18964,3.74097,0.342123,0.33572,3.6885,0.075216,0.19238,3.75675,0.310554,0.010554,3.517923
1769451223.22726,3.748409,0.343533,0.337118,3.70375,0.075206,0.192354,3.75625,0.309374,0.009374,3.124674
1769451223.30488,3.739962,0.34196,0.33556,3.68675,0.075217,0.192366,3.7565,0.31068,0.01068,3.559864
1769451223.32252,3.737207,0.341939,0.335535,3.6865,0.07511,0.192097,3.75125,0.309781,0.009781,3.260463
1769451223.36048,3.740479,0.342402,0.335989,3.6915,0.075143,0.192173,3.75275,0.309616,0.009616,3.205345
1769451223.39706,3.739466,0.342076,0.335675,3.688,0.075166,0.19225,3.75425,0.310162,0.010162,3.387447
1769451223.47,3.738214,0.342079,0.335667,3.688,0.075117,0.192122,3.75175,0.309738,0.009738,3.246092
1769451223.50427,3.742118,0.342704,0.336284,3.69475,0.075143,0.192172,3.75275,0.309389,0.009389,3.129652
1769451223.52337,3.740852,0.342335,0.335913,3.69075,0.075164,0.192252,3.75425,0.309921,0.009921,3.30703
1769451223.5615,3.737213,0.342103,0.335687,3.68825,0.075073,0.192007,3.7495,0.309354,0.009354,3.118061
1769451223.6331,3.740222,0.342216,0.335811,3.6895,0.075173,0.19225,3.75425,0.310023,0.010023,3.340991
1769451223.65694,3.742753,0.342961,0.336532,3.6975,0.075108,0.192097,3.75125,0.309024,0.009024,3.007971
1769451223.6958,3.738974,0.342309,0.335902,3.6905,0.0751,0.192071,3.75075,0.309383,0.009383,3.127629
1769451223.76589,3.741231,0.342426,0.33601,3.69175,0.075169,0.192236,3.754,0.309794,0.009794,3.264637
1769451223.79991,3.738213,0.342055,0.335648,3.68775,0.075126,0.192134,3.752,0.309799,0.009799,3.266385
1769451223.82188,3.738353,0.342472,0.336056,3.69225,0.075037,0.191919,3.74775,0.308832,0.008832,2.943876
1769451223.86208,3.738846,0.342263,0.335851,3.69,0.075108,0.192083,3.751,0.309455,0.009455,3.151638
1769451223.9038,3.737462,0.342052,0.335655,3.68775,0.075099,0.192057,3.7505,0.309551,0.009551,3.183607
1769451223.96693,3.739727,0.34238,0.335961,3.69125,0.075114,0.19211,3.7515,0.309442,0.009442,3.147415
1769451223.98884,3.741483,0.342472,0.336058,3.69225,0.075173,0.192234,3.754,0.309754,0.009754,3.251269
1769451224.02787,3.73922,0.342215,0.335811,3.6895,0.075128,0.192147,3.75225,0.309697,0.009697,3.232353
1769451224.06717,3.738337,0.342032,0.335623,3.6875,0.075136,0.19216,3.7525,0.309903,0.009903,3.301146
1769451224.13476,3.744248,0.342752,0.336327,3.69525,0.075218,0.192364,3.7565,0.309921,0.009921,3.307061
1769451224.15568,3.738471,0.342261,0.33586,3.69,0.075092,0.192044,3.75025,0.309342,0.009342,3.114032
1769451224.19583,3.743244,0.342682,0.336261,3.6945,0.075191,0.192301,3.75525,0.309785,0.009785,3.261582
1769451224.23521,3.740611,0.34259,0.336169,3.6935,0.075109,0.192082,3.751,0.309214,0.009214,3.071243
1769451224.30095,3.742998,0.342821,0.336398,3.696,0.075157,0.192196,3.75325,0.30938,0.00938,3.126526
1769451224.32315,3.739093,0.342172,0.335759,3.689,0.075137,0.19216,3.7525,0.309775,0.009775,3.258336
1769451224.36002,3.740986,0.342566,0.336145,3.69325,0.075128,0.192134,3.752,0.309375,0.009375,3.125161
1769451224.39632,3.736066,0.341572,0.335158,3.6825,0.075145,0.192187,3.753,0.310474,0.010474,3.491459
1769451224.46595,3.738842,0.342147,0.335739,3.68875,0.075133,0.192147,3.75225,0.309754,0.009754,3.251468
1769451224.49039,3.739224,0.342312,0.335893,3.6905,0.075113,0.192095,3.75125,0.309457,0.009457,3.152361
1769451224.52829,3.741359,0.342496,0.336077,3.6925,0.075165,0.192209,3.7535,0.309653,0.009653,3.217702
1769451224.60235,3.74035,0.342287,0.335875,3.69025,0.075163,0.192224,3.75375,0.309876,0.009876,3.292025
1769451224.62325,3.74036,0.342565,0.336148,3.69325,0.0751,0.192071,3.75075,0.309196,0.009196,3.065196
1769451224.66195,3.743745,0.342704,0.336288,3.69475,0.075208,0.192339,3.756,0.309882,0.009882,3.293883
1769451224.73139,3.742859,0.342426,0.336012,3.69175,0.07523,0.192405,3.75725,0.310334,0.010334,3.444723
1769451224.7549,3.736455,0.341914,0.335514,3.68625,0.075088,0.192032,3.75,0.309592,0.009592,3.197303
1769451224.79373,3.741745,0.342774,0.336351,3.6955,0.075116,0.192095,3.75125,0.309125,0.009125,3.041811
1769451224.83075,3.740357,0.342472,0.33606,3.69225,0.07512,0.192123,3.75175,0.309411,0.009411,3.136838
1769451224.89958,3.738976,0.34238,0.335965,3.69125,0.075084,0.192033,3.75,0.309217,0.009217,3.07229
1769451224.92304,3.737211,0.342053,0.335653,3.68775,0.075084,0.192033,3.75,0.309475,0.009475,3.158175
1769451224.96345,3.741361,0.342542,0.336125,3.693,0.07515,0.192184,3.753,0.309545,0.009545,3.181515
1769451225.00304,3.746912,0.343695,0.337278,3.7055,0.075116,0.19211,3.7515,0.308746,0.008746,2.915284
1769451225.06523,3.738222,0.34231,0.335897,3.6905,0.07507,0.191994,3.74925,0.309155,0.009155,3.051602
1769451225.09092,3.740736,0.342564,0.33615,3.69325,0.075125,0.192106,3.7515,0.309298,0.009298,3.099452
1769451225.12882,3.739614,0.342703,0.336286,3.69475,0.075043,0.191917,3.74775,0.308697,0.008697,2.898884
1769451225.16987,3.739971,0.342195,0.335782,3.68925,0.075173,0.192235,3.754,0.309998,0.009998,3.332677
1769451225.23617,3.741607,0.34245,0.336028,3.692,0.075177,0.192263,3.7545,0.309854,0.009854,3.284571
1769451225.25625,3.736705,0.341892,0.335489,3.686,0.075101,0.192071,3.75075,0.30974,0.00974,3.246759
1769451225.29303,3.7454,0.343417,0.337006,3.7025,0.075119,0.19211,3.7515,0.308836,0.008836,2.945453
1769451225.33029,3.742608,0.342426,0.33601,3.69175,0.075213,0.192381,3.75675,0.310254,0.010254,3.417977
1769451225.39645,3.738978,0.342426,0.336013,3.69175,0.075074,0.192007,3.7495,0.309111,0.009111,3.037009
1769451225.42234,3.739349,0.34231,0.335898,3.6905,0.075113,0.19211,3.7515,0.309501,0.009501,3.166862
1769451225.46486,3.738216,0.342148,0.335738,3.68875,0.075101,0.192085,3.751,0.309557,0.009557,3.185682
1769451225.49676,3.737339,0.342125,0.335713,3.6885,0.075074,0.192007,3.7495,0.309336,0.009336,3.112053
1769451225.53508,3.740856,0.342449,0.336035,3.692,0.075148,0.192186,3.753,0.309618,0.009618,3.206041
1769451225.60031,3.738724,0.342332,0.335924,3.69075,0.07508,0.192035,3.75,0.309255,0.009255,3.08484
1769451225.6223,3.740854,0.342379,0.335967,3.69125,0.075151,0.192227,3.75375,0.309804,0.009804,3.26803
1769451225.6595,3.737212,0.342076,0.335677,3.688,0.07508,0.19202,3.74975,0.309415,0.009415,3.138314
1769451225.69534,3.738467,0.342146,0.335744,3.68875,0.075113,0.192109,3.7515,0.309638,0.009638,3.21251
1769451225.77106,3.73558,0.341962,0.335557,3.68675,0.075033,0.191919,3.74775,0.309199,0.009199,3.066484
1769451225.78941,3.740987,0.342586,0.336175,3.6935,0.075117,0.192123,3.75175,0.309328,0.009328,3.109335
1769451225.83019,3.738345,0.342239,0.335833,3.68975,0.075085,0.192046,3.75025,0.309364,0.009364,3.12129
1769451225.90098,3.73797,0.342263,0.335857,3.69,0.075069,0.191994,3.74925,0.309192,0.009192,3.063893
1769451225.92238,3.738095,0.342239,0.335833,3.68975,0.075074,0.192021,3.74975,0.309287,0.009287,3.095816
1769451225.96179,3.739606,0.342496,0.336077,3.6925,0.075081,0.192033,3.75,0.309138,0.009138,3.045944
1769451226.00237,3.732806,0.341435,0.335017,3.681,0.075049,0.191929,3.748,0.309717,0.009717,3.239037
1769451226.03424,3.738343,0.342193,0.335787,3.68925,0.075103,0.19207,3.75075,0.309474,0.009474,3.157911
1769451226.10002,3.735437,0.341479,0.335065,3.6815,0.075142,0.192172,3.75275,0.310533,0.010533,3.511012
1769451226.12325,3.734814,0.341571,0.335161,3.6825,0.075096,0.192057,3.7505,0.310019,0.010019,3.339645
1769451226.16603,3.736962,0.342079,0.335668,3.688,0.075068,0.191995,3.74925,0.309335,0.009335,3.111579
1769451226.233,3.739479,0.34245,0.336031,3.692,0.075093,0.192044,3.75025,0.3092,0.0092,3.066785
1769451226.25523,3.739852,0.342379,0.335967,3.69125,0.075116,0.192124,3.75175,0.309484,0.009484,3.161307
1769451226.29281,3.738218,0.342194,0.335784,3.68925,0.075093,0.192059,3.7505,0.309437,0.009437,3.145706
1769451226.32948,3.737965,0.342123,0.335717,3.6885,0.075099,0.192072,3.75075,0.309534,0.009534,3.177885
1769451226.36944,3.737214,0.342124,0.335715,3.6885,0.075066,0.191995,3.74925,0.309299,0.009299,3.099658
1769451226.43262,3.741354,0.342355,0.335947,3.691,0.075188,0.192289,3.755,0.310019,0.010019,3.339501
1769451226.45544,3.741103,0.342332,0.335924,3.69075,0.075177,0.192276,3.75475,0.310004,0.010004,3.334649
1769451226.49315,3.738843,0.34217,0.335765,3.689,0.075119,0.192137,3.752,0.309701,0.009701,3.233503
1769451226.53419,3.742108,0.34245,0.336032,3.692,0.07519,0.192317,3.7555,0.310023,0.010023,3.340844
1769451226.59803,3.738594,0.342216,0.335809,3.6895,0.075106,0.192085,3.751,0.309494,0.009494,3.164706
1769451226.62343,3.741867,0.342681,0.33626,3.6945,0.075133,0.192161,3.7525,0.309371,0.009371,3.123671
1769451226.66564,3.740109,0.342566,0.336144,3.69325,0.075088,0.192046,3.75025,0.309124,0.009124,3.041394
1769451226.7305,3.737462,0.342079,0.33567,3.688,0.075086,0.192045,3.75025,0.309496,0.009496,3.16543
1769451226.75624,3.740238,0.342658,0.336238,3.69425,0.075066,0.192009,3.7495,0.308966,0.008966,2.988504
1769451226.79431,3.734938,0.341525,0.335114,3.682,0.075117,0.192095,3.75125,0.310199,0.010199,3.39981
1769451226.86541,3.742356,0.342379,0.335968,3.69125,0.075228,0.192377,3.75675,0.310288,0.010288,3.429382
1769451226.89876,3.737581,0.341898,0.335476,3.686,0.075139,0.19216,3.7525,0.310036,0.010036,3.345282
1769451226.93535,3.734301,0.341252,0.33483,3.679,0.075146,0.192186,3.753,0.310863,0.010863,3.620889
1769451226.97133,3.737703,0.34183,0.335404,3.68525,0.07516,0.192209,3.7535,0.310283,0.010283,3.427823
1769451227.00167,3.738573,0.34167,0.335241,3.6835,0.075225,0.192389,3.757,0.31113,0.01113,3.709925
1769451227.02335,3.734576,0.3419,0.335473,3.686,0.07501,0.191854,3.7465,0.309058,0.009058,3.019392
1769451227.06075,3.737683,0.341297,0.334882,3.6795,0.07528,0.1925,3.75925,0.312086,0.012086,4.028677
1769451227.09857,3.740712,0.341948,0.335515,3.6865,0.075253,0.192452,3.75825,0.311033,0.011033,3.677645
1769451227.16573,3.728753,0.339131,0.333721,3.6724,0.075057,0.191968,3.74875,0.309287,0.009287,3.095587
1769451227.18843,3.724167,0.338314,0.331898,3.6745,0.074829,0.191407,3.73775,0.305225,0.005225,1.7418
1769451227.22869,3.725826,0.339165,0.332734,3.68375,0.074706,0.191101,3.73175,0.303814,0.003814,1.271189
1769451227.26874,3.717438,0.338319,0.331891,3.6745,0.074044,0.189194,3.7244,0.304457,0.004457,1.485677
1769451227.30175,3.717771,0.33852,0.332103,3.67675,0.074015,0.189112,3.7228,0.304187,0.004187,1.395695
1769451227.33658,3.715792,0.337831,0.331422,3.66925,0.074082,0.189296,3.7264,0.305008,0.005008,1.669387
1769451227.37286,3.70766,0.337278,0.330883,3.66325,0.073883,0.188777,3.7162,0.303932,0.003932,1.310589
1769451227.44159,3.703241,0.336817,0.330432,3.65825,0.071767,0.187574,3.7125,0.305945,0.005945,1.981784
1769451229.03308,3.13888,0.20715,0.316473,3.096,-0.058491,0.174042,3.1534,0.306833,0.006833,2.277514
1769451229.09983,3.134406,0.203842,0.317142,3.08875,-0.058464,0.173956,3.1518,0.305421,0.005421,1.806918
1769451229.12912,3.123115,0.204768,0.316802,3.0772,-0.059973,0.175912,3.1405,0.306504,0.006504,2.168126
1769451229.15648,3.112174,0.200723,0.315883,3.062833,-0.059839,0.175511,3.13325,0.304229,0.004229,1.409775
1769451229.19372,3.114487,0.200518,0.317076,3.0636,-0.059909,0.17572,3.137,0.305272,0.005272,1.757494
1769451229.22878,3.10613,0.2019,0.319669,3.059,-0.063101,0.175871,3.1244,0.308514,0.008514,2.838031
1769451229.26384,3.113335,0.20474,0.321825,3.0768,-0.064747,0.173973,3.1208,0.310514,0.010514,3.504826
1769451229.33239,3.102931,0.203656,0.317522,3.064833,-0.06457,0.173493,3.1124,0.308143,0.008143,2.714275
1769451229.35502,3.104388,0.198523,0.31602,3.0505,-0.064917,0.174465,3.13,0.309449,0.009449,3.149549
1769451229.39285,3.099094,0.19758,0.313454,3.0446,-0.064835,0.174229,3.1256,0.307906,0.007906,2.635496
1769451229.42776,3.10342,0.198008,0.314135,3.0512,-0.064873,0.174336,3.1276,0.307387,0.007387,2.462427
1769451229.46365,3.099417,0.198111,0.314303,3.0528,-0.06467,0.173788,3.118,0.30504,0.00504,1.679837
1769451229.53303,3.106203,0.197368,0.3178,3.05425,-0.064911,0.174456,3.1298,0.308295,0.008295,2.764977
1769451229.55597,3.106521,0.197192,0.317511,3.0515,-0.064979,0.17464,3.1332,0.309549,0.009549,3.182953
1769451229.59214,3.105994,0.197175,0.317487,3.05125,-0.064963,0.174607,3.1324,0.30938,0.00938,3.126675
1769451229.62823,3.1047,0.197368,0.3178,3.05425,-0.064847,0.17428,3.1268,0.3076,0.0076,2.533305
1769451229.69877,3.106014,0.197628,0.318212,3.05825,-0.06482,0.174214,3.1254,0.306796,0.006796,2.265428
1769451229.73286,3.10545,0.197337,0.317745,3.05375,-0.064892,0.174404,3.1288,0.308128,0.008128,2.709489
1769451229.75527,3.109852,0.197772,0.318449,3.0605,-0.064928,0.174505,3.1308,0.30769,0.00769,2.563452
1769451229.79293,3.107365,0.197595,0.318162,3.05775,-0.064887,0.17439,3.1286,0.30755,0.00755,2.516577
1769451229.83212,3.109554,0.197839,0.318549,3.0615,-0.064897,0.174412,3.1292,0.307228,0.007228,2.409269
1769451229.86458,3.105602,0.197368,0.317799,3.05425,-0.064884,0.174383,3.1286,0.308013,0.008013,2.670954
1769451229.8992,3.10632,0.197756,0.318422,3.06025,-0.06479,0.174132,3.124,0.306291,0.006291,2.096905
1769451229.95483,3.104179,0.197484,0.317976,3.056,-0.064794,0.17414,3.124,0.306761,0.006761,2.253752
1769451229.99232,3.10306,0.19766,0.318265,3.05875,-0.064694,0.173852,3.119,0.305474,0.005474,1.8248
1769451230.03181,3.106416,0.197727,0.318366,3.05975,-0.066089,0.177153,3.1245,0.306158,0.006158,2.052542
1769451230.06436,3.112697,0.198162,0.31907,3.0665,-0.066206,0.177478,3.13025,0.306599,0.006599,2.199638
1769451230.13412,3.105164,0.197725,0.318368,3.05975,-0.066035,0.177012,3.122,0.305657,0.005657,1.885558
1769451230.15576,3.110293,0.197615,0.318182,3.058,-0.066278,0.177688,3.134,0.308471,0.008471,2.823554
1769451230.19344,3.114196,0.198084,0.318935,3.06525,-0.066289,0.177715,3.1345,0.307623,0.007623,2.541025
1769451230.22944,3.102113,0.197969,0.318756,3.0635,-0.066263,0.175179,3.1122,0.304639,0.004639,1.546348
1769451230.26573,3.103189,0.197954,0.318728,3.06325,-0.066313,0.175314,3.1146,0.305027,0.005027,1.675701
1769451230.334,3.100054,0.197875,0.318597,3.062,-0.066208,0.175032,3.1096,0.304329,0.004329,1.443124
1769451230.35543,3.104903,0.198343,0.319351,3.06925,-0.067968,0.174314,3.112,0.306243,0.006243,2.080915
1769451230.39383,3.102253,0.197743,0.31839,3.06,-0.066342,0.175393,3.116,0.305491,0.005491,1.830368
1769451230.42987,3.103554,0.198149,0.319039,3.06625,-0.065831,0.176459,3.11225,0.30353,0.00353,1.176686
1769451230.46442,3.11195,0.19828,0.319244,3.06825,-0.066143,0.177295,3.127,0.305811,0.005811,1.937015
1769451230.53061,3.106766,0.198437,0.319512,3.07075,-0.066306,0.175291,3.1142,0.304592,0.004592,1.530565
1769451230.5571,3.101261,0.198099,0.318963,3.0655,-0.067891,0.174118,3.1085,0.305908,0.005908,1.969379
1769451230.59275,3.107977,0.19863,0.319823,3.07375,-0.066292,0.175257,3.1136,0.304419,0.004419,1.473131
1769451230.63008,3.103143,0.198051,0.318884,3.06475,-0.06628,0.175225,3.113,0.304692,0.004692,1.564022
1769451230.6992,3.105653,0.198309,0.319301,3.06875,-0.068007,0.174424,3.114,0.306531,0.006531,2.177071
1769451230.72281,3.103129,0.197875,0.318596,3.062,-0.06805,0.174524,3.11575,0.307183,0.007183,2.394348
1769451230.75965,3.107035,0.198409,0.319452,3.07025,-0.068039,0.174496,3.11525,0.306646,0.006646,2.215488
1769451230.79499,3.10577,0.198116,0.318989,3.06575,-0.068083,0.174608,3.11725,0.30718,0.00718,2.393424
1769451230.83001,3.104521,0.198198,0.319117,3.067,-0.068,0.174398,3.1135,0.30654,0.00654,2.179994
1769451230.89787,3.108155,0.198264,0.319217,3.068,-0.068136,0.174748,3.11975,0.307439,0.007439,2.479673
1769451230.92441,3.108159,0.198344,0.319349,3.06925,-0.068108,0.174677,3.1185,0.307168,0.007168,2.38944
1769451230.96075,3.101753,0.197907,0.318648,3.0625,-0.067979,0.174342,3.1125,0.306626,0.006626,2.208505
1769451230.99532,3.104641,0.198066,0.318912,3.065,-0.06805,0.174524,3.11575,0.306987,0.006987,2.32899
1769451231.03074,3.107662,0.19844,0.319505,3.07075,-0.068054,0.174537,3.116,0.306728,0.006728,2.242813
1769451231.09895,3.106155,0.198344,0.319348,3.06925,-0.068022,0.174453,3.1145,0.306582,0.006582,2.194083
1769451231.12279,3.107533,0.198345,0.319349,3.06925,-0.068085,0.174609,3.11725,0.306983,0.006983,2.327579
1769451231.16102,3.104644,0.198152,0.319036,3.06625,-0.068024,0.174455,3.1145,0.306726,0.006726,2.242087
1769451231.19648,3.106668,0.198619,0.319791,3.0735,-0.067951,0.174272,3.11125,0.30604,0.00604,2.01343
1769451231.23132,3.110182,0.198783,0.320048,3.076,-0.068047,0.174522,3.11575,0.306522,0.006522,2.174044
1769451231.29831,3.101646,0.198311,0.319299,3.06875,-0.067837,0.173978,3.106,0.305516,0.005516,1.838809
1769451231.3222,3.106025,0.198229,0.319169,3.0675,-0.068054,0.174537,3.116,0.306883,0.006883,2.294372
1769451231.35944,3.109421,0.19857,0.319713,3.07275,-0.068088,0.174622,3.1175,0.306855,0.006855,2.28513
1769451231.39547,3.105528,0.198312,0.319297,3.06875,-0.068009,0.174414,3.11375,0.306501,0.006501,2.167056
1769451231.43055,3.102512,0.198071,0.318905,3.065,-0.067957,0.174286,3.1115,0.306346,0.006346,2.11528
1769451231.49808,3.107034,0.198389,0.319431,3.07,-0.068044,0.17451,3.1155,0.30669,0.00669,2.230105
1769451231.52497,3.109296,0.19857,0.319714,3.07275,-0.06808,0.174607,3.11725,0.306821,0.006821,2.273513
1769451231.56381,3.110683,0.198794,0.32008,3.07625,-0.068067,0.174567,3.1165,0.306609,0.006609,2.202895
1769451231.59968,3.106779,0.198281,0.319244,3.06825,-0.068072,0.17458,3.11675,0.306959,0.006959,2.319776
1769451231.63405,3.111181,0.198732,0.319974,3.07525,-0.068111,0.174679,3.1185,0.306898,0.006898,2.299252
1769451231.70022,3.102018,0.19823,0.319167,3.0675,-0.067883,0.174092,3.108,0.305783,0.005783,1.927646
1769451231.72502,3.10653,0.198328,0.319322,3.069,-0.068044,0.17451,3.1155,0.306735,0.006735,2.245137
1769451231.75974,3.114083,0.199214,0.320755,3.08275,-0.068072,0.17458,3.11675,0.306537,0.006537,2.178943
1769451231.79959,3.107662,0.198441,0.319505,3.07075,-0.068052,0.174537,3.116,0.306728,0.006728,2.242718
1769451231.86646,3.103142,0.198167,0.319063,3.0665,-0.06795,0.174272,3.11125,0.306244,0.006244,2.081238
1769451231.88925,3.104771,0.198182,0.319089,3.06675,-0.068016,0.17444,3.11425,0.306661,0.006661,2.220392
1769451231.92596,3.10817,0.198587,0.319738,3.073,-0.068026,0.174467,3.11475,0.306478,0.006478,2.15943
1769451231.96584,3.108414,0.19844,0.319506,3.07075,-0.068088,0.174622,3.1175,0.306943,0.006943,2.314422
1769451232.033,3.105287,0.198519,0.319638,3.072,-0.067924,0.174202,3.11,0.305921,0.005921,1.973527
1769451232.05655,3.106295,0.198663,0.319874,3.07425,-0.067916,0.174187,3.10975,0.305858,0.005858,1.952692
1769451232.09451,3.11018,0.198746,0.32,3.0755,-0.068061,0.174552,3.11625,0.306597,0.006597,2.199077
1769451232.13432,3.109429,0.198746,0.320002,3.0755,-0.068024,0.174466,3.11475,0.30641,0.00641,2.136759
1769451232.19856,3.106656,0.198341,0.319352,3.06925,-0.068041,0.174508,3.1155,0.306722,0.006722,2.240588
1769451232.22501,3.105655,0.198344,0.31935,3.06925,-0.068001,0.174399,3.1135,0.306445,0.006445,2.148426
1769451232.26077,3.104136,0.197986,0.318778,3.06375,-0.068055,0.174538,3.116,0.307104,0.007104,2.368143
1769451232.29667,3.105276,0.19828,0.319244,3.06825,-0.068002,0.17441,3.11375,0.306518,0.006518,2.17275
1769451232.36322,3.109933,0.198814,0.3201,3.0765,-0.068028,0.174468,3.11475,0.306392,0.006392,2.130833
1769451232.38929,3.112819,0.198962,0.320332,3.07875,-0.068102,0.174663,3.11825,0.306762,0.006762,2.253969
1769451232.42716,3.106285,0.198444,0.319501,3.07075,-0.067996,0.174386,3.11325,0.306357,0.006357,2.119048
1769451232.46253,3.110693,0.199007,0.320413,3.0795,-0.067995,0.174386,3.11325,0.306192,0.006192,2.063902
1769451232.53213,3.109179,0.198769,0.32002,3.07575,-0.068015,0.174431,3.114,0.306321,0.006321,2.107165
1769451232.55564,3.108309,0.198913,0.320254,3.078,-0.067931,0.174208,3.11,0.305874,0.005874,1.958081
1769451232.5932,3.108057,0.198882,0.3202,3.0775,-0.067928,0.174207,3.11,0.305872,0.005872,1.957383
1769451232.63749,3.108426,0.198737,0.319966,3.07525,-0.067996,0.174376,3.113,0.306215,0.006215,2.071646
1769451232.7004,3.109684,0.198849,0.32015,3.077,-0.068009,0.174416,3.11375,0.306272,0.006272,2.090722
1769451232.72363,3.107799,0.198705,0.319914,3.07475,-0.067977,0.174332,3.11225,0.306136,0.006136,2.045466
1769451232.76079,3.108926,0.198703,0.319916,3.07475,-0.068025,0.174457,3.1145,0.306402,0.006402,2.133937
1769451232.83005,3.109679,0.198751,0.319994,3.0755,-0.068039,0.174498,3.11525,0.306474,0.006474,2.15803
1769451232.85699,3.112281,0.198977,0.32036,3.079,-0.071499,0.175442,3.1168,0.309171,0.009171,3.057096
1769451232.89624,3.113949,0.199023,0.320439,3.07975,-0.068132,0.174735,3.1195,0.306891,0.006891,2.296867
1769451232.92996,3.112106,0.198994,0.320385,3.07925,-0.071479,0.175407,3.1162,0.309095,0.009095,3.031513
1769451233.00373,3.109189,0.198994,0.320383,3.07925,-0.06794,0.174235,3.1105,0.305924,0.005924,1.974765
1769451233.02293,3.106307,0.198686,0.319892,3.0745,-0.071322,0.175023,3.1094,0.308398,0.008398,2.799322
1769451233.06239,3.111676,0.198605,0.31976,3.07325,-0.06817,0.174844,3.1215,0.307405,0.007405,2.468394
1769451233.13303,3.112195,0.198994,0.320384,3.07925,-0.068069,0.174571,3.1165,0.306548,0.006548,2.182747
1769451233.16643,3.11145,0.199154,0.320646,3.08175,-0.067981,0.174345,3.1125,0.306122,0.006122,2.04053
1769451233.20163,3.108835,0.198635,0.319816,3.07375,-0.071455,0.17535,3.1152,0.309091,0.009091,3.030393
1769451233.22377,3.110932,0.198749,0.319997,3.0755,-0.068094,0.174638,3.11775,0.306789,0.006789,2.262879
1769451233.26193,3.111809,0.199058,0.320489,3.08025,-0.071441,0.175316,3.1146,0.308909,0.008909,2.969702
1769451233.29887,3.111576,0.199174,0.320668,3.082,-0.067983,0.174347,3.1125,0.306126,0.006126,2.041952
1769451233.33584,3.109691,0.198738,0.319965,3.07525,-0.071467,0.175364,3.1154,0.309083,0.009083,3.027521
1769451233.40012,3.109296,0.198862,0.32018,3.07725,-0.071399,0.175204,3.1126,0.30872,0.00872,2.906678
1769451233.42565,3.114716,0.199381,0.321009,3.08525,-0.068047,0.174514,3.1155,0.306421,0.006421,2.140202
1769451233.46077,3.109056,0.198815,0.320099,3.0765,-0.067992,0.174373,3.113,0.306193,0.006193,2.064387
1769451233.5029,3.11321,0.199317,0.320904,3.08425,-0.068003,0.174402,3.1135,0.306232,0.006232,2.07748
1769451233.56679,3.109563,0.198961,0.320334,3.07875,-0.067963,0.174302,3.11175,0.306043,0.006043,2.014351
1769451233.59017,3.109309,0.198888,0.320195,3.0775,-0.067982,0.174346,3.1125,0.306132,0.006132,2.043942
1769451233.62928,3.10843,0.198815,0.3201,3.0765,-0.067966,0.174304,3.11175,0.306057,0.006057,2.019084
1769451233.69951,3.113878,0.199415,0.321059,3.08575,-0.071414,0.175239,3.1132,0.308813,0.008813,2.937703
1769451233.72417,3.111073,0.199124,0.320591,3.08125,-0.067975,0.174331,3.11225,0.306096,0.006096,2.032
1769451233.76206,3.114587,0.199284,0.320852,3.08375,-0.068075,0.174584,3.11675,0.306536,0.006536,2.178692
1769451233.79649,3.111822,0.19906,0.320486,3.08025,-0.06803,0.174471,3.11475,0.306345,0.006345,2.115123
1769451233.86958,3.111189,0.198913,0.320254,3.078,-0.068052,0.174528,3.11575,0.306482,0.006482,2.16083
1769451233.89958,3.108925,0.198673,0.319863,3.07425,-0.068037,0.174486,3.115,0.306478,0.006478,2.159326
1769451233.92387,3.106293,0.198619,0.31979,3.0735,-0.067939,0.174235,3.1105,0.305955,0.005955,1.985065
1769451233.96088,3.114072,0.198971,0.320367,3.079,-0.068151,0.174789,3.1205,0.307033,0.007033,2.344246
1769451233.99669,3.108421,0.198602,0.319765,3.07325,-0.068038,0.174487,3.115,0.306505,0.006505,2.168474
1769451234.03303,3.10822,0.198873,0.320212,3.0775,-0.071344,0.17507,3.1102,0.308468,0.008468,2.822772
1769451234.10013,3.109794,0.196393,0.321967,3.0782,-0.06799,0.174362,3.11275,0.304761,0.004761,1.586869
1769451234.12276,3.101129,0.195562,0.320606,3.0652,-0.071311,0.174974,3.1084,0.307077,0.007077,2.359121
1769451234.16483,3.103957,0.196087,0.321462,3.0734,-0.071262,0.174832,3.1058,0.306636,0.006636,2.212076
1769451236.08961,2.529863,0.197143,0.295221,2.487333,-0.074083,0.158593,2.541167,0.30843,0.00843,2.809874
1769451236.13058,2.519136,0.196824,0.294716,2.483167,-0.074729,0.156377,2.524,0.307483,0.007483,2.494361
1769451236.20166,2.52154,0.198732,0.296944,2.4925,-0.074597,0.156086,2.519167,0.308644,0.008644,2.881173
1769451236.22432,2.514211,0.198946,0.29344,2.483286,-0.073293,0.156912,2.514,0.3061,0.0061,2.033442
1769451236.26369,2.511634,0.198279,0.292494,2.475143,-0.068796,0.154823,2.517333,0.303418,0.003418,1.13948
1769451236.29939,2.507575,0.197997,0.292068,2.471572,-0.068669,0.154542,2.512833,0.302864,0.002864,0.954704
1769451236.36991,2.502526,0.197582,0.29147,2.466429,-0.070492,0.154724,2.507857,0.303775,0.003775,1.258327
1769451236.39302,2.500534,0.199798,0.290222,2.464,-0.068492,0.154143,2.506333,0.303792,0.003792,1.263924
1769451236.43461,2.502058,0.197407,0.291221,2.464286,-0.068574,0.154321,2.509167,0.302493,0.002493,0.830961
1769451236.50279,2.49836,0.197285,0.291058,2.462857,-0.070366,0.154436,2.503143,0.303192,0.003192,1.064018
1769451236.52481,2.503786,0.197501,0.291358,2.465429,-0.069783,0.153312,2.5115,0.304335,0.004335,1.444843
1769451236.56189,2.502099,0.199741,0.290151,2.463333,-0.069737,0.153225,2.510167,0.305877,0.005877,1.958963
1769451236.59929,2.502612,0.197409,0.291246,2.464429,-0.069742,0.153228,2.510167,0.304156,0.004156,1.385329
1769451236.66604,2.501951,0.197321,0.291105,2.463286,-0.069734,0.153216,2.51,0.304161,0.004161,1.38706
1769451236.69032,2.503973,0.1997,0.290088,2.462833,-0.067549,0.155771,2.514333,0.303505,0.003505,1.168196
1769451236.72844,2.500627,0.200575,0.290827,2.459667,-0.06859,0.154397,2.510667,0.306046,0.006046,2.015442
1769451236.8025,2.508012,0.201877,0.2922,2.461833,-0.068899,0.155142,2.523,0.30959,0.00959,3.196771
1769451236.82478,2.508699,0.201441,0.29156,2.4565,-0.066795,0.15786,2.529667,0.308513,0.008513,2.837517
1769451236.86484,2.505095,0.2016,0.291774,2.458333,-0.067704,0.156167,2.520667,0.307895,0.007895,2.631618
1769451236.93446,2.506872,0.201635,0.291837,2.458833,-0.066649,0.15751,2.523667,0.306959,0.006959,2.319533
1769451236.97109,2.508057,0.201978,0.292301,2.462833,-0.066606,0.157407,2.522,0.306324,0.006324,2.108052
1769451236.99115,2.505618,0.201629,0.291815,2.458667,-0.066583,0.157356,2.521333,0.306502,0.006502,2.167462
1769451237.02993,2.50853,0.20182,0.29209,2.461,-0.067812,0.156422,2.524833,0.308515,0.008515,2.838416
1769451237.10612,2.509218,0.201791,0.292051,2.460667,-0.06672,0.157677,2.5265,0.30739,0.00739,2.463255
1769451237.12746,2.504846,0.201482,0.291621,2.457,-0.067897,0.157525,2.521429,0.30773,0.00773,2.576637
1769451237.16612,2.507944,0.201788,0.292054,2.460667,-0.067796,0.156377,2.524,0.308375,0.008375,2.79154
1769451237.23608,2.509539,0.201956,0.292289,2.462667,-0.067822,0.156447,2.525167,0.308447,0.008447,2.815575
1769451237.25722,2.506169,0.201365,0.291438,2.4555,-0.067837,0.15648,2.525667,0.309203,0.009203,3.067739
1769451237.2968,2.508531,0.201831,0.292111,2.461167,-0.067813,0.156419,2.524667,0.308468,0.008468,2.82271
1769451237.33479,2.50652,0.201699,0.29191,2.4595,-0.067749,0.156271,2.522333,0.308137,0.008137,2.712462
1769451237.40143,2.507757,0.201359,0.291444,2.4555,-0.067926,0.156682,2.528834,0.309924,0.009924,3.307978
1769451237.42489,2.507374,0.201658,0.291851,2.459,-0.066671,0.157562,2.5245,0.307123,0.007123,2.374296
1769451237.46875,2.506768,0.201653,0.291854,2.459,-0.067776,0.156333,2.523333,0.308377,0.008377,2.792232
1769451237.50224,2.510303,0.201764,0.292011,2.460333,-0.066793,0.157846,2.529,0.307958,0.007958,2.652731
1769451237.56986,2.505684,0.201266,0.291302,2.454333,-0.066702,0.157639,2.525833,0.307872,0.007872,2.623963
1769451237.59169,2.509041,0.201584,0.291753,2.458167,-0.066784,0.157825,2.528667,0.308105,0.008105,2.701521
1769451237.6324,2.507619,0.201547,0.291694,2.457667,-0.066718,0.15767,2.526333,0.307642,0.007642,2.547232
1769451237.69876,2.508217,0.201816,0.292093,2.461,-0.066663,0.157541,2.524167,0.30688,0.00688,2.293354
1769451237.72393,2.509809,0.201921,0.292254,2.462333,-0.066708,0.15765,2.526,0.307137,0.007137,2.37902
1769451237.7648,2.507942,0.20175,0.291992,2.460167,-0.067812,0.156408,2.5245,0.308521,0.008521,2.840381
1769451237.83427,2.510285,0.20183,0.292112,2.461167,-0.067901,0.156629,2.528167,0.309192,0.009192,3.063977
1769451237.86444,2.507271,0.20168,0.291894,2.459333,-0.067795,0.156374,2.524,0.308487,0.008487,2.829061
1769451237.89074,2.507195,0.201848,0.292128,2.461333,-0.067737,0.15624,2.521833,0.307899,0.007899,2.633137
1769451237.92881,2.504506,0.201511,0.291658,2.457333,-0.067701,0.156163,2.5205,0.307936,0.007936,2.645249
1769451237.96607,2.507381,0.201805,0.292072,2.460833,-0.066626,0.15745,2.522667,0.306597,0.006597,2.199149
1769451238.03514,2.50131,0.201307,0.291361,2.454834,-0.0696,0.157336,2.5165,0.308473,0.008473,2.824475
1769451238.05785,2.504942,0.201463,0.291576,2.456667,-0.066605,0.157406,2.522,0.306807,0.006807,2.26897
1769451238.09853,2.504766,0.201787,0.292054,2.460667,-0.067789,0.157284,2.517572,0.306712,0.006712,2.237254
1769451238.16877,2.508531,0.201826,0.292114,2.461167,-0.06781,0.156414,2.524667,0.308464,0.008464,2.821451
1769451238.20239,2.507183,0.2016,0.291773,2.458333,-0.067816,0.156425,2.524833,0.308749,0.008749,2.916453
1769451238.22482,2.505165,0.201307,0.291361,2.454833,-0.067806,0.156401,2.524333,0.308976,0.008976,2.99203
1769451238.26206,2.505846,0.201583,0.291756,2.458167,-0.067751,0.156274,2.522333,0.308242,0.008242,2.747447
1769451238.30313,2.509395,0.202004,0.292345,2.463167,-0.066667,0.157548,2.524333,0.306749,0.006749,2.249807
1769451238.37032,2.506609,0.201817,0.292093,2.461,-0.067715,0.156185,2.521,0.307764,0.007764,2.587914
1769451238.39202,2.504859,0.201469,0.2916,2.456833,-0.066594,0.157379,2.521667,0.306719,0.006719,2.239548
1769451238.42898,2.506296,0.20182,0.29209,2.461,-0.066567,0.157309,2.520333,0.306134,0.006134,2.044721
1769451238.49934,2.50687,0.201609,0.291795,2.4585,-0.066661,0.157531,2.524,0.30706,0.00706,2.353307
1769451238.52446,2.507692,0.201746,0.291994,2.460167,-0.067798,0.156376,2.524,0.308417,0.008417,2.805787
1769451238.59669,2.508384,0.201823,0.292087,2.461,-0.066672,0.157562,2.5245,0.306951,0.006951,2.316941
1769451238.62341,2.505345,0.201576,0.291733,2.458,-0.067733,0.156223,2.5215,0.308095,0.008095,2.698368
1769451238.6607,2.504765,0.201677,0.291895,2.459333,-0.067662,0.156065,2.519,0.307495,0.007495,2.498357
1769451238.73259,2.504251,0.201408,0.291497,2.456,-0.067728,0.156217,2.521333,0.308226,0.008226,2.742061
1769451238.75757,2.507194,0.201816,0.292092,2.461,-0.067747,0.156266,2.522167,0.307984,0.007984,2.661343
1769451238.79531,2.506185,0.20168,0.291892,2.459333,-0.067741,0.156242,2.521833,0.30805,0.00805,2.683203
1769451238.86745,2.505264,0.20164,0.291834,2.458833,-0.067704,0.15616,2.5205,0.307825,0.007825,2.608349
1769451238.90117,2.506271,0.20174,0.29197,2.46,-0.067727,0.156213,2.521333,0.307903,0.007903,2.634348
1769451238.92449,2.502988,0.201195,0.291204,2.4535,-0.067728,0.156212,2.521333,0.308455,0.008455,2.818176
1769451238.966,2.50476,0.201584,0.291755,2.458167,-0.067696,0.15614,2.520167,0.30781,0.00781,2.603319
1769451239.03153,2.504925,0.201542,0.291697,2.457667,-0.067715,0.156189,2.521,0.308015,0.008015,2.671536
1769451239.05682,2.505014,0.201638,0.291834,2.458833,-0.06769,0.156133,2.52,0.307724,0.007724,2.574582
1769451239.09574,2.505105,0.20179,0.292051,2.460667,-0.067644,0.156027,2.518333,0.307283,0.007283,2.427503
1769451239.13531,2.505019,0.201748,0.291993,2.460167,-0.067656,0.156047,2.518667,0.30738,0.00738,2.460047
1769451239.1697,2.505173,0.201489,0.291617,2.457,-0.067742,0.156258,2.522167,0.308308,0.008308,2.76938
1769451239.24118,2.506013,0.201587,0.291752,2.458167,-0.067759,0.156293,2.522667,0.308313,0.008313,2.770875
1769451239.27003,2.505176,0.201549,0.291691,2.457667,-0.067729,0.156223,2.5215,0.308118,0.008118,2.7061
1769451239.29586,2.505758,0.201488,0.291615,2.457,-0.067784,0.156339,2.523333,0.308556,0.008556,2.852017
1769451239.33304,2.502152,0.201201,0.2912,2.4535,-0.06769,0.156112,2.519667,0.308105,0.008105,2.701679
1769451239.39936,2.506975,0.203012,0.293283,2.461667,-0.067721,0.156187,2.520833,0.30918,0.00918,3.060111
1769451239.42442,2.511452,0.204061,0.294732,2.474,-0.067637,0.155979,2.517333,0.308139,0.008139,2.71314
1769451239.46373,2.505907,0.203371,0.29377,2.465833,-0.067564,0.155813,2.5145,0.307906,0.007906,2.635485
1769451239.49949,2.507844,0.203288,0.293654,2.464833,-0.066532,0.157248,2.519333,0.307213,0.007213,2.404351
1769451239.53533,2.51256,0.204111,0.294789,2.4745,-0.066507,0.157219,2.519,0.306822,0.006822,2.27399
1769451239.60874,2.513822,0.204276,0.295031,2.4765,-0.066535,0.157257,2.5195,0.30687,0.00687,2.289918
1769451239.62806,2.510123,0.203784,0.294344,2.470667,-0.066496,0.157164,2.518,0.306774,0.006774,2.257834
1769451239.66586,2.508112,0.203643,0.294151,2.469,-0.066431,0.157015,2.515667,0.30647,0.00647,2.156749
1769451239.73905,2.511464,0.203885,0.294483,2.471833,-0.066535,0.157259,2.5195,0.306969,0.006969,2.323028
1769451239.76315,2.508949,0.203685,0.29421,2.4695,-0.066453,0.157084,2.516833,0.306624,0.006624,2.208138
1769451239.79931,2.51037,0.203718,0.294243,2.469833,-0.066537,0.15725,2.519333,0.30701,0.00701,2.336604
1769451239.83825,2.510632,0.203937,0.29456,2.4725,-0.066479,0.157114,2.517167,0.306613,0.006613,2.204432
1769451239.90327,2.509035,0.203728,0.294265,2.47,-0.066465,0.157076,2.5165,0.306574,0.006574,2.191234
1769451239.9276,2.510631,0.203927,0.294537,2.472333,-0.066485,0.157124,2.517333,0.306642,0.006642,2.214072
1769451239.9652,2.513226,0.204058,0.294711,2.473833,-0.066575,0.15735,2.521,0.30714,0.00714,2.380077
1769451240.00627,2.510462,0.203884,0.294477,2.471833,-0.06649,0.157134,2.5175,0.306677,0.006677,2.225786
1769451240.07271,2.506182,0.203466,0.293888,2.466833,-0.06639,0.156912,2.514,0.306283,0.006283,2.094374
1769451240.09434,2.509123,0.203835,0.294425,2.471333,-0.066419,0.156993,2.515333,0.306367,0.006367,2.122347
1769451240.13418,2.506931,0.203419,0.293842,2.466333,-0.066428,0.157031,2.516,0.306596,0.006596,2.198564
1769451240.1736,2.509033,0.203711,0.294247,2.469833,-0.06645,0.157075,2.516667,0.306588,0.006588,2.196084
1769451240.24089,2.507613,0.203703,0.294223,2.469667,-0.066385,0.156909,2.514,0.306216,0.006216,2.072034
1769451240.2625,2.50434,0.203372,0.293778,2.465833,-0.066315,0.156745,2.511333,0.305908,0.005908,1.969282
1769451240.2996,2.50469,0.203326,0.293698,2.465167,-0.063146,0.156606,2.5128,0.303431,0.003431,1.143789
1769451240.33842,2.505187,0.203629,0.294128,2.468833,-0.066281,0.156661,2.51,0.305685,0.005685,1.894988
1769451240.4062,2.504928,0.203465,0.293888,2.466833,-0.06631,0.156749,2.5115,0.305909,0.005909,1.969738
1769451240.42864,2.50754,0.203539,0.294012,2.467834,-0.063221,0.156791,2.5158,0.303795,0.003795,1.264851
1769451240.46576,2.509674,0.204996,0.29562,2.471833,-0.063223,0.156792,2.5158,0.305201,0.005201,1.733592
1769451240.5021,2.506403,0.205914,0.296478,2.4695,-0.063114,0.156521,2.5114,0.306137,0.006137,2.045764
1769451240.57218,2.507461,0.205955,0.29654,2.47,-0.061785,0.154567,2.513167,0.306111,0.006111,2.037074
1769451240.59462,2.503026,0.205369,0.295705,2.463,-0.060578,0.155591,2.511333,0.30446,0.00446,1.486634
1769451240.63177,2.508356,0.205046,0.295285,2.459333,-0.060911,0.156467,2.525667,0.307252,0.007252,2.417329
1769451240.66886,2.507196,0.205265,0.295571,2.461833,-0.060786,0.15616,2.520833,0.306104,0.006104,2.034832
1769451240.73948,2.510296,0.205988,0.296145,2.457167,-0.061031,0.156811,2.5315,0.310224,0.010224,3.408023
1769451240.76786,2.507541,0.206027,0.296175,2.4575,-0.060893,0.156452,2.525667,0.308895,0.008895,2.964975
1769451240.79543,2.503491,0.204663,0.294714,2.454667,-0.060784,0.156151,2.520667,0.306624,0.006624,2.207868
1769451240.83357,2.509292,0.205429,0.295815,2.463833,-0.060834,0.156291,2.523,0.306371,0.006371,2.123807
1769451240.90465,2.504195,0.205362,0.295711,2.463,-0.060633,0.155731,2.513667,0.304819,0.004819,1.606323
1769451240.93785,2.500331,0.205317,0.295657,2.4625,-0.061619,0.154155,2.5065,0.305309,0.005309,1.769554
1769451240.96164,2.503736,0.2045,0.294893,2.465833,-0.063089,0.156444,2.51,0.304504,0.004504,1.501372
1769451240.99891,2.510042,0.203845,0.294422,2.471334,-0.066481,0.157113,2.517167,0.306644,0.006644,2.214566
1769451241.03934,2.505486,0.202904,0.293095,2.460167,-0.066528,0.157249,2.519333,0.307487,0.007487,2.4957
1769451241.07431,2.503646,0.202863,0.293036,2.459667,-0.066446,0.157052,2.516167,0.306938,0.006938,2.312565
1769451241.14055,2.513983,0.204165,0.294871,2.475167,-0.066577,0.157363,2.521167,0.307125,0.007125,2.375053
1769451241.16156,2.510661,0.206221,0.29691,2.473167,-0.063234,0.156819,2.5162,0.30673,0.00673,2.243392
1769451241.20285,2.500409,0.205227,0.295506,2.461333,-0.061652,0.154237,2.507833,0.305521,0.005521,1.840438
1769451241.24269,2.500569,0.205631,0.295619,2.452833,-0.061816,0.154744,2.5165,0.308913,0.008913,2.970884
1769451241.31035,2.506625,0.21038,0.297552,2.469,-0.061719,0.154479,2.512,0.310414,0.010414,3.471288
1769451241.33185,2.49379,0.211727,0.295088,2.458167,-0.060412,0.151154,2.497429,0.310352,0.010352,3.45058
1769451241.36954,2.484261,0.211189,0.294363,2.452,-0.062228,0.15167,2.4845,0.31012,0.01012,3.373345
1769451241.43969,2.480897,0.21073,0.293723,2.446667,-0.062193,0.151587,2.483167,0.309873,0.009873,3.291161
