Time,Cam_X,Cam_Y,Cam_Z,Map_X,Map_Y,Map_Z
1770241726.298,1.52839,-0.561396,3.064,0.928594,-0.999227,2.11309
1770241726.16614,1.54319,-0.554885,3.149,1.04105,-0.992154,2.15338
1770241725.98081,1.53618,-0.523633,3.3,1.22122,-0.99012,2.17452
1770241726.07197,1.54068,-0.559995,3.178,1.07584,-0.988441,2.16991
1770241726.25239,1.52839,-0.561396,3.064,0.93759,-0.988236,2.11972
1770241726.16621,1.52898,-0.549775,3.12,1.01255,-0.978789,2.1377
1770241726.07189,1.54068,-0.559995,3.178,1.08444,-0.976433,2.17799
1770241726.25232,1.5261,-0.561105,3.092,0.978595,-0.976157,2.13795
1770241726.25237,1.51228,-0.556024,3.064,0.950389,-0.964332,2.12122
1770241758.75107,1.12225,-0.342692,2.984,0.777413,-0.869088,1.82106
1770241758.751,1.11247,-0.339707,2.958,0.760864,-0.84726,1.81516
1770241759.46713,0.991173,-0.362624,3.064,0.842789,-0.844068,1.85957
1770241759.51158,0.980429,-0.362624,3.064,0.846763,-0.835312,1.86073
1770241759.55749,0.980429,-0.362624,3.064,0.846763,-0.835312,1.86073
1770241759.55754,0.969684,-0.35188,3.064,0.852997,-0.826472,1.85005
1770241759.60297,0.969684,-0.35188,3.064,0.852997,-0.826472,1.85005
1770241758.66417,1.10307,-0.336836,2.933,0.745169,-0.826075,1.80949
1770241758.61913,1.09279,-0.32655,2.933,0.754221,-0.81441,1.79927
1770241759.69025,0.942823,-0.357252,3.064,0.865689,-0.801931,1.85615
1770241759.6903,0.942823,-0.357252,3.064,0.866786,-0.800159,1.85823
1770241758.61907,1.0825,-0.321408,2.933,0.766106,-0.799383,1.79416
1770241759.69032,0.942823,-0.357252,3.064,0.867879,-0.798386,1.86031
1770241758.57376,1.0825,-0.321408,2.933,0.771148,-0.794774,1.79416
1770241758.52806,1.0825,-0.321408,2.933,0.774015,-0.791844,1.79509
1770241758.52803,1.0825,-0.321408,2.933,0.775059,-0.790283,1.79695
1770241759.82562,0.929754,-0.355096,3.092,0.909283,-0.789856,1.86197
1770241758.44176,1.07098,-0.324147,2.958,0.803484,-0.788855,1.80494
1770241759.91326,0.929754,-0.349674,3.092,0.912376,-0.787681,1.85659
1770241760.00293,0.927233,-0.358311,3.12,0.948649,-0.786707,1.86847
1770241759.9578,0.929754,-0.349674,3.092,0.914433,-0.785662,1.85659
1770241759.73573,0.932079,-0.35188,3.064,0.877454,-0.78531,1.85547
1770241759.78208,0.932079,-0.35188,3.064,0.881189,-0.781693,1.85547
1770241759.95786,0.918911,-0.355096,3.092,0.923024,-0.771778,1.86197
1770241759.82557,0.921335,-0.35188,3.064,0.889091,-0.769479,1.85547
1770241758.52798,1.07327,-0.318668,2.908,0.758379,-0.769341,1.79348
1770241759.91321,0.921335,-0.35188,3.064,0.89015,-0.768442,1.85547
1770241758.35131,1.05165,-0.32655,2.933,0.78973,-0.760201,1.80456
1770241756.69463,0.949922,-0.38849,2.859,0.637778,-0.730321,1.90842
1770241756.74015,0.949922,-0.38849,2.859,0.637448,-0.729406,1.91157
1770241756.78578,0.889932,-0.362382,2.812,0.62784,-0.655202,1.88487
1770241756.91742,0.880072,-0.357452,2.812,0.634585,-0.647152,1.87623
1770241756.91747,0.880072,-0.357452,2.812,0.635574,-0.645513,1.87814
1770241756.74021,0.892434,-0.378979,2.789,0.605317,-0.645419,1.8962
1770241762.41922,1.11506,-0.32194,2.432,0.248993,-0.643659,1.75318
1770241756.91749,0.867387,-0.365346,2.835,0.661721,-0.643383,1.89103
1770241757.01295,0.864705,-0.368439,2.859,0.694188,-0.642066,1.89799
1770241756.02528,1.02489,-0.377104,2.639,0.490854,-0.641514,1.82245
1770241757.14396,0.851744,-0.341203,2.883,0.729765,-0.639116,1.87388
1770241757.05831,0.864705,-0.368439,2.859,0.697414,-0.63901,1.89799
1770241756.83079,0.882653,-0.359418,2.789,0.612266,-0.638105,1.87737
1770241757.01286,0.862416,-0.365346,2.835,0.667114,-0.63603,1.89166
1770241757.01292,0.862416,-0.365346,2.835,0.671297,-0.632109,1.89166
1770241762.50497,1.09948,-0.317439,2.398,0.219377,-0.619446,1.74596
1770241762.50503,1.09586,-0.323538,2.381,0.199008,-0.611949,1.75222
1770241756.02523,1.00897,-0.371246,2.598,0.466596,-0.60607,1.81049
1770241763.31451,1.02646,-0.32633,2.256,-0.0702433,-0.605488,1.7799
1770241763.04235,1.06206,-0.310508,2.256,-0.0303832,-0.604425,1.75633
1770241762.50505,1.08849,-0.321364,2.365,0.180892,-0.602837,1.7508
1770241762.55127,1.08936,-0.323309,2.349,0.158161,-0.600761,1.75353
1770241763.04229,1.06206,-0.322375,2.256,-0.0230619,-0.598695,1.76663
1770241762.99754,1.06206,-0.322375,2.256,-0.0132889,-0.593455,1.76407
1770241763.31456,1.0157,-0.320231,2.241,-0.0812952,-0.592483,1.77027
1770241763.26844,1.03142,-0.324161,2.241,-0.0683835,-0.592386,1.77333
1770241763.1743,1.03142,-0.320231,2.241,-0.0589293,-0.587802,1.76778
1770241762.64212,1.07452,-0.318904,2.317,0.12127,-0.583312,1.74858
1770241755.89085,0.997067,-0.364009,2.579,0.464922,-0.581262,1.79642
1770241763.17419,1.04013,-0.318088,2.226,-0.0612172,-0.579762,1.75935
1770241762.59707,1.07452,-0.318904,2.317,0.129009,-0.578267,1.74749
1770241762.95229,1.05107,-0.308444,2.241,-0.00873798,-0.571931,1.74554
1770241763.17426,1.02452,-0.318088,2.226,-0.059813,-0.570212,1.76139
1770241762.72934,1.06416,-0.314637,2.286,0.0855639,-0.569385,1.74054
1770241762.64216,1.06416,-0.314637,2.286,0.0918711,-0.565592,1.73893
1770241762.95223,1.05107,-0.308444,2.241,0.00769136,-0.562855,1.74111
1770241762.77445,1.0581,-0.310508,2.256,0.0429082,-0.560753,1.7402
1770241755.84547,0.974458,-0.350443,2.579,0.479639,-0.56023,1.78011
1770241762.86496,1.05107,-0.308444,2.241,0.0153478,-0.558008,1.74071
1770241762.95228,1.04403,-0.306379,2.226,-0.00900793,-0.553636,1.73922
1770241762.82014,1.05107,-0.308444,2.241,0.0248205,-0.552298,1.73919
1770241762.77441,1.05415,-0.310508,2.256,0.0539786,-0.552242,1.73721
1770241762.72939,1.05415,-0.310508,2.256,0.0597131,-0.549117,1.73496
1770241763.49298,0.969237,-0.317941,2.198,-0.12104,-0.544909,1.77268
1770241755.84544,0.967279,-0.347861,2.56,0.468276,-0.54431,1.77364
1770241763.4511,0.969237,-0.317941,2.198,-0.115759,-0.542461,1.77075
1770241763.4467,0.969237,-0.317941,2.198,-0.106921,-0.538618,1.76667
1770241763.40134,0.969237,-0.317941,2.198,-0.101125,-0.535826,1.76469
1770241763.5823,0.955405,-0.308257,2.184,-0.131393,-0.530864,1.76186
1770241763.53751,0.955405,-0.308257,2.184,-0.127514,-0.528574,1.76186
1770241755.84539,0.955645,-0.340824,2.541,0.459377,-0.524648,1.76274
1770241755.75809,0.955645,-0.340824,2.541,0.45966,-0.524492,1.76247
1770241755.66739,0.946734,-0.340824,2.541,0.463721,-0.516561,1.76247
1770241755.7133,0.946734,-0.340824,2.541,0.463721,-0.516561,1.76247
1770241763.89145,0.89572,-0.306379,2.226,-0.0773991,-0.510029,1.77919
1770241763.58235,0.918843,-0.302476,2.17,-0.122688,-0.494278,1.75414
1770241763.89142,0.884453,-0.302525,2.198,-0.0934067,-0.485982,1.76962
1770241763.89137,0.886478,-0.29294,2.184,-0.10504,-0.481241,1.75649
1770241763.80475,0.886478,-0.29294,2.184,-0.105401,-0.481125,1.75744
1770241763.66869,0.907411,-0.298713,2.143,-0.139954,-0.470728,1.74826
1770241763.71441,0.899896,-0.298713,2.143,-0.141271,-0.466223,1.75317
1770241763.66873,0.899896,-0.298713,2.143,-0.138365,-0.46541,1.75051
1770241763.75941,0.892381,-0.30247,2.143,-0.142694,-0.461294,1.76151
1770241763.71446,0.892381,-0.30247,2.143,-0.141136,-0.460521,1.76104
1770241765.76984,1.01139,-0.302234,1.926,-0.432866,-0.449775,1.74962
1770241765.63852,1.01324,-0.300409,1.936,-0.401594,-0.447932,1.74392
1770241765.59264,1.01324,-0.300409,1.936,-0.395742,-0.445143,1.74392
1770241765.5926,1.01324,-0.300409,1.936,-0.388577,-0.441699,1.74392
1770241765.54717,1.00985,-0.29362,1.936,-0.382033,-0.438556,1.73487
1770241765.41489,1.00535,-0.298702,1.947,-0.359669,-0.436522,1.73717
1770241765.72441,1.00561,-0.300508,1.915,-0.42954,-0.435829,1.74375
1770241765.50298,1.00646,-0.300409,1.936,-0.377748,-0.434252,1.73977
1770241765.72438,1.00561,-0.300508,1.915,-0.424549,-0.43396,1.74248
1770241765.81474,0.999835,-0.292105,1.904,-0.449498,-0.431448,1.73733
1770241765.72432,1.00225,-0.297151,1.915,-0.417503,-0.42979,1.73797
1770241766.441,0.988104,-0.305414,1.863,-0.558781,-0.426901,1.75613
1770241765.50291,1.00126,-0.298857,1.926,-0.379829,-0.423497,1.73549
1770241765.8605,0.98684,-0.287349,1.873,-0.475687,-0.40771,1.72768
1770241765.86045,0.983556,-0.287349,1.873,-0.46991,-0.403372,1.72768
1770241765.94696,0.981571,-0.289082,1.863,-0.487933,-0.399823,1.73009
1770241765.94691,0.981571,-0.285815,1.863,-0.484018,-0.399018,1.72566
1770241728.8082,1.01986,-0.298782,1.904,-0.372043,-0.397031,1.76373
1770241766.39516,0.972193,-0.300496,1.833,-0.56761,-0.395428,1.7452
1770241765.99283,0.976302,-0.284281,1.853,-0.503973,-0.395038,1.72467
1770241765.99279,0.976302,-0.284281,1.853,-0.496002,-0.391561,1.72467
1770241766.16984,0.971034,-0.292441,1.843,-0.525055,-0.390572,1.73133
1770241766.03755,0.971034,-0.28921,1.843,-0.515643,-0.387134,1.72792
1770241766.16995,0.968979,-0.297282,1.833,-0.543065,-0.386092,1.73688
1770241766.39513,0.966889,-0.29566,1.823,-0.569533,-0.385163,1.73803
1770241766.39501,0.966889,-0.29566,1.823,-0.567638,-0.384684,1.73725
1770241766.26027,0.966889,-0.298857,1.823,-0.564202,-0.383332,1.73894
1770241766.1699,0.965765,-0.290854,1.833,-0.535071,-0.382454,1.7294
1770241766.26022,0.966889,-0.298857,1.823,-0.560304,-0.381752,1.73894
1770241766.21531,0.963692,-0.29566,1.823,-0.552753,-0.377807,1.73484
1770241728.85445,1.00326,-0.293917,1.873,-0.39543,-0.370672,1.75365
1770241766.48643,0.956812,-0.295742,1.804,-0.587213,-0.368393,1.73743
1770241728.98957,0.992547,-0.290779,1.853,-0.434637,-0.365367,1.74714
1770241728.85449,0.992547,-0.290779,1.853,-0.412017,-0.354382,1.74714
1770241728.94408,0.981834,-0.28764,1.833,-0.436626,-0.341957,1.74064
1770241754.32881,0.649164,-0.214996,2.381,0.25937,-0.341262,1.75141
1770241728.89952,0.981834,-0.28764,1.833,-0.429472,-0.338484,1.74064
1770241753.97052,0.696671,-0.255641,2.226,0.0524769,-0.317053,1.80015
1770241754.28317,0.636077,-0.210662,2.333,0.218828,-0.310036,1.74505
1770241754.01577,0.688865,-0.251738,2.226,0.0598466,-0.309796,1.79475
1770241754.28312,0.651559,-0.22391,2.301,0.174845,-0.308773,1.75726
1770241754.01582,0.688865,-0.251738,2.226,0.0644948,-0.307917,1.79059
1770241754.23827,0.647311,-0.222451,2.286,0.160142,-0.299588,1.75767
1770241754.19215,0.647046,-0.224973,2.271,0.144554,-0.29236,1.76042
1770241754.19212,0.650683,-0.227442,2.256,0.1283,-0.287685,1.76172
1770241754.06113,0.672898,-0.250155,2.212,0.0675497,-0.284626,1.78253
1770241754.10596,0.672898,-0.250155,2.212,0.0722961,-0.282204,1.77933
1770241754.19208,0.646357,-0.22593,2.241,0.117082,-0.276735,1.75904
1770241753.03213,0.835185,-0.380233,1.894,-0.181667,-0.173982,1.81338
1770241769.57184,0.864671,-0.263774,1.609,-0.576725,-0.170482,1.57879
1770241769.48249,0.860372,-0.262463,1.601,-0.591402,-0.164726,1.58464
1770241423.39518,0.562057,-0.678163,3.01,1.36158,-0.15023,1.98021
1770241769.53379,0.852311,-0.260004,1.586,-0.590433,-0.14757,1.57562
1770241769.6161,0.852311,-0.260004,1.586,-0.583679,-0.146495,1.56938
1770241769.52734,0.848549,-0.258856,1.579,-0.597109,-0.141414,1.57559
1770241769.6611,0.848549,-0.258856,1.579,-0.583021,-0.138502,1.56471
1770241753.03207,0.811715,-0.37401,1.863,-0.189197,-0.13608,1.7988
1770241423.31643,0.551502,-0.667608,3.01,1.3738,-0.132328,1.96349
1770241423.39522,0.552347,-0.666447,2.958,1.30886,-0.131765,1.97184
1770241752.94556,0.807358,-0.372002,1.853,-0.188411,-0.124448,1.79143
1770241423.29624,0.551502,-0.667608,3.01,1.38296,-0.122679,1.95525
1770241769.66115,0.840488,-0.256397,1.564,-0.586058,-0.122179,1.55852
1770241423.44635,0.543011,-0.644985,2.908,1.25956,-0.112715,1.95384
1770241752.94549,0.79977,-0.38292,1.843,-0.18704,-0.108382,1.79721
1770241769.7056,0.832965,-0.254102,1.55,-0.589671,-0.1076,1.55174
1770241423.49394,0.538343,-0.634385,2.883,1.23212,-0.104998,1.9491
1770241427.05988,0.295296,-0.32342,3.208,1.54633,-0.10315,1.84026
1770241752.89981,0.796538,-0.389383,1.843,-0.178877,-0.101583,1.7998
1770241423.53974,0.528848,-0.614066,2.859,1.20039,-0.101312,1.94087
1770241423.49399,0.533861,-0.629104,2.859,1.20599,-0.0969089,1.94912
1770241423.29618,0.530392,-0.646498,3.01,1.39872,-0.0963502,1.92702
1770241423.23026,0.5245,-0.641647,3.037,1.43156,-0.0955159,1.91738
1770241769.74918,0.825441,-0.251807,1.536,-0.592843,-0.0927686,1.5451
1770241752.89979,0.792216,-0.38727,1.833,-0.178008,-0.0897354,1.79251
1770241423.19711,0.5245,-0.641647,3.037,1.43736,-0.0895653,1.91092
1770241427.05983,0.292535,-0.320395,3.178,1.51981,-0.08828,1.83694
1770241427.0673,0.263994,-0.320767,3.238,1.58807,-0.0874979,1.83727
1770241427.15927,0.263994,-0.320767,3.238,1.58974,-0.0869339,1.83266
1770241769.79346,0.821679,-0.250659,1.529,-0.592201,-0.0847978,1.54021
1770241427.02153,0.300908,-0.306429,3.149,1.49114,-0.0837886,1.82288
1770241423.19706,0.513046,-0.636607,3.064,1.47297,-0.0821623,1.90066
1770241769.88164,0.821679,-0.250659,1.529,-0.581342,-0.0820869,1.53243
1770241423.09829,0.479731,-0.661405,3.238,1.67282,-0.0798453,1.90921
1770241752.71918,0.781367,-0.3785,1.853,-0.133191,-0.0796025,1.77618
1770241427.15947,0.258317,-0.349154,3.238,1.59191,-0.07904,1.85452
1770241752.67397,0.782317,-0.377276,1.863,-0.112046,-0.0787387,1.76922
1770241769.79351,0.818455,-0.249676,1.523,-0.590994,-0.0778037,1.53551
1770241752.89973,0.787895,-0.385157,1.823,-0.176608,-0.0775906,1.78492
1770241769.83811,0.818455,-0.249676,1.523,-0.587657,-0.076813,1.53364
1770241752.80616,0.787895,-0.385157,1.823,-0.172628,-0.0755492,1.78303
1770241752.80611,0.77715,-0.376457,1.843,-0.14491,-0.0741353,1.77529
1770241752.67509,0.778118,-0.375251,1.853,-0.124003,-0.0730264,1.76949
1770241423.10366,0.513046,-0.636607,3.064,1.48179,-0.0719533,1.89234
1770241423.01524,0.467129,-0.673468,3.269,1.71322,-0.0689593,1.91577
1770241423.09835,0.470842,-0.649149,3.178,1.61175,-0.0619316,1.9015
1770241423.59302,0.471889,-0.56969,2.789,1.15407,-0.0303521,1.89818
1770241423.59307,0.468167,-0.565197,2.767,1.12879,-0.0253371,1.8986
1770241423.59309,0.451174,-0.556209,2.723,1.08849,0.00035604,1.89412
1770241423.69299,0.447529,-0.551715,2.701,1.06366,0.00583681,1.8939
1770241423.69305,0.434651,-0.547426,2.68,1.04371,0.0194491,1.89357
1770241423.71329,0.431245,-0.543136,2.659,1.0196,0.0243125,1.89366
1770241423.79185,0.403273,-0.547798,2.659,1.02371,0.043046,1.90527
1770241423.80253,0.395612,-0.539051,2.639,0.995533,0.0434328,1.9057
1770241423.79189,0.40024,-0.543678,2.639,1.00011,0.0466406,1.90509
1770241424.18752,0.379613,-0.458608,2.503,0.817989,0.051529,1.87746
1770241423.89049,0.383284,-0.530171,2.618,0.975473,0.0559873,1.90086
1770241423.93435,0.382096,-0.51323,2.579,0.92852,0.0602201,1.89337
1770241424.20218,0.374153,-0.452012,2.467,0.785655,0.070307,1.87202
1770241423.89055,0.377574,-0.522273,2.579,0.937364,0.0719173,1.89553
1770241424.18748,0.368169,-0.459667,2.485,0.811441,0.0724523,1.87066
1770241423.98943,0.376466,-0.505667,2.541,0.890449,0.0746018,1.88823
1770241424.08926,0.362059,-0.476162,2.503,0.839293,0.0787658,1.87753
1770241424.28665,0.371575,-0.448897,2.45,0.769047,0.0788395,1.87215
1770241423.98948,0.369229,-0.497465,2.522,0.870092,0.0819529,1.88392
1770241424.1564,0.359455,-0.472738,2.485,0.818792,0.0837735,1.87756
1770241424.08921,0.362059,-0.489328,2.503,0.843629,0.0841171,1.88552
1770241423.9895,0.362059,-0.489328,2.503,0.849768,0.0890344,1.87912
1770241426.46597,0.371246,-0.289253,2.598,0.981095,0.137777,1.812
1770241426.36717,0.364009,-0.287137,2.579,0.968468,0.155524,1.8101
1770241426.3671,0.361327,-0.285022,2.56,0.953188,0.167686,1.80786
1770241424.60572,0.294478,-0.413917,2.349,0.699826,0.195454,1.87894
1770241426.26853,0.348893,-0.269898,2.503,0.909239,0.203212,1.78723
1770241424.68317,0.286241,-0.409799,2.349,0.700092,0.203241,1.88507
1770241424.60578,0.292473,-0.411098,2.333,0.685272,0.20482,1.87862
1770241424.68323,0.284292,-0.407007,2.333,0.684946,0.212401,1.88568
1770241426.2685,0.343875,-0.266017,2.467,0.878704,0.222619,1.78105
1770241424.69638,0.268289,-0.39739,2.301,0.663386,0.240699,1.87631
1770241424.78257,0.26654,-0.3948,2.286,0.64969,0.249619,1.87637
1770241426.26844,0.326204,-0.270771,2.432,0.852419,0.253974,1.78547
1770241751.4655,0.523541,-0.232179,1.731,-0.0422025,0.257621,1.63186
1770241426.17396,0.323924,-0.268878,2.415,0.836744,0.263708,1.78711
1770241751.42045,0.518097,-0.229765,1.713,-0.052778,0.274752,1.63057
1770241424.82791,0.235353,-0.373797,2.256,0.638731,0.290647,1.85708
1770241751.37482,0.512955,-0.221537,1.696,-0.0612874,0.291547,1.62408
1770241426.16854,0.296417,-0.254372,2.398,0.830777,0.293942,1.77907
1770241426.17391,0.296417,-0.254372,2.398,0.833077,0.294925,1.77442
1770241751.3748,0.508116,-0.219447,1.68,-0.0717362,0.305762,1.62304
1770241424.82796,0.232224,-0.368826,2.226,0.613913,0.308856,1.85227
1770241751.37475,0.508324,-0.203622,1.671,-0.076085,0.311666,1.60968
1770241751.28811,0.508324,-0.203622,1.671,-0.0749367,0.31461,1.61336
1770241424.88152,0.218072,-0.371311,2.241,0.632167,0.316175,1.86151
1770241751.24327,0.508324,-0.194833,1.671,-0.0724042,0.317284,1.60884
1770241426.08402,0.279898,-0.242578,2.365,0.807209,0.320204,1.76596
1770241426.08398,0.278004,-0.240937,2.349,0.791831,0.326958,1.76476
1770241751.24322,0.50589,-0.1939,1.663,-0.0756881,0.327079,1.60965
1770241424.88157,0.208806,-0.368826,2.226,0.623094,0.333832,1.86193
1770241424.91881,0.208806,-0.368826,2.226,0.623021,0.337025,1.8667
1770241426.08386,0.259165,-0.271604,2.365,0.807109,0.338421,1.801
1770241751.19817,0.504337,-0.193976,1.639,-0.093336,0.343768,1.60978
1770241751.15277,0.501023,-0.186259,1.647,-0.0809687,0.347683,1.60742
1770241425.00992,0.17878,-0.367382,2.241,0.642554,0.356165,1.88261
1770241424.97962,0.17878,-0.367382,2.241,0.64545,0.356891,1.87761
1770241424.97956,0.17878,-0.367382,2.241,0.648262,0.357327,1.87234
1770241751.15275,0.49646,-0.184563,1.632,-0.090387,0.361717,1.60698
1770241425.09574,0.17485,-0.367382,2.241,0.643098,0.364719,1.89296
1770241425.0956,0.177583,-0.364923,2.226,0.629358,0.365281,1.88204
1770241425.09577,0.17485,-0.367382,2.241,0.642874,0.367514,1.89755
1770241425.17867,0.16811,-0.36193,2.256,0.659807,0.370624,1.90119
1770241751.0649,0.496874,-0.183658,1.624,-0.0942294,0.371778,1.61202
1770241751.01973,0.49646,-0.181701,1.632,-0.0846516,0.372618,1.61495
1770241751.1527,0.494426,-0.182753,1.616,-0.101671,0.373995,1.6064
1770241425.17859,0.166992,-0.359524,2.241,0.647482,0.377205,1.89499
1770241750.97543,0.494026,-0.180811,1.624,-0.0873523,0.383923,1.61706
1770241750.97537,0.485484,-0.183658,1.624,-0.0814128,0.396788,1.62267
1770241750.88362,0.482637,-0.186506,1.624,-0.0746843,0.410793,1.63348
1770241750.8836,0.479789,-0.183658,1.624,-0.0705405,0.417952,1.63403
1770241750.88355,0.479789,-0.183658,1.624,-0.0679018,0.422937,1.63754
1770241718.63625,0.395818,-0.727357,3.859,2.41018,0.439775,2.00089
1770241750.74848,0.474592,-0.185587,1.616,-0.0681683,0.44131,1.64529
1770241750.70257,0.471759,-0.185587,1.616,-0.0644008,0.449499,1.64938
1770241718.63295,0.379801,-0.73565,3.903,2.46223,0.453161,1.99056
1770241750.70251,0.466894,-0.187604,1.609,-0.0664318,0.461949,1.65293
1770241750.65748,0.466894,-0.187604,1.609,-0.0641023,0.466908,1.65655
1770241750.65743,0.454759,-0.194087,1.616,-0.0530317,0.479923,1.66745
1770241750.57058,0.454162,-0.195048,1.624,-0.0408064,0.48842,1.67739
1770241750.57063,0.452789,-0.193246,1.609,-0.0565386,0.489236,1.66936
1770241430.23026,0.00851594,-0.258317,3.238,1.89942,0.498157,1.51192
1770241750.52505,0.451925,-0.194087,1.616,-0.044583,0.498849,1.67856
1770241750.47985,0.454162,-0.195048,1.624,-0.0357036,0.499742,1.68498
1770241430.2301,0.00843704,-0.255924,3.208,1.86821,0.501306,1.51285
1770241750.47979,0.445773,-0.191445,1.594,-0.0570465,0.522513,1.67776
1770241750.43482,0.445773,-0.19424,1.594,-0.0561384,0.52716,1.68436
1770241430.34785,0.00843704,-0.255924,3.208,1.88169,0.530364,1.489
1770241750.43476,0.445773,-0.19424,1.594,-0.0548789,0.531278,1.68812
1770241430.3286,0.00835814,-0.25353,3.178,1.85001,0.5326,1.4916
1770241750.34767,0.445773,-0.19424,1.594,-0.0530632,0.535965,1.69157
1770241430.4274,0.00843704,-0.255924,3.208,1.88803,0.543914,1.47688
1770241430.42735,0.00835814,-0.25353,3.178,1.85612,0.545744,1.48041
1770241430.42957,0.00843704,-0.255924,3.208,1.89073,0.549709,1.47175
1770241750.30271,0.43075,-0.18616,1.55,-0.0828581,0.573481,1.68041
1770241750.25774,0.42686,-0.184479,1.536,-0.0930996,0.585178,1.67899
1770241750.21181,0.407225,-0.185588,1.523,-0.0995063,0.611564,1.68344
1770241432.60673,0.00716149,-0.217232,2.723,1.43349,0.688459,1.35884
1770241431.022,0.00727721,-0.220742,2.767,1.48099,0.689316,1.36235
1770241430.62658,0.00721672,-0.218907,2.744,1.45295,0.691515,1.39894
1770241432.5084,0.00710363,-0.215477,2.701,1.41133,0.692115,1.35708
1770241432.90432,0.00710363,-0.215477,2.701,1.41115,0.693117,1.35708
1770241433.00362,0.00710363,-0.215477,2.701,1.41137,0.693938,1.35708
1770241432.9043,0.00710363,-0.215477,2.701,1.41198,0.695002,1.35708
1770241433.30024,0.00710363,-0.215477,2.701,1.41267,0.696195,1.35708
1770241432.60678,0.00710363,-0.215477,2.701,1.41307,0.696464,1.35708
1770241433.10263,0.00710363,-0.215477,2.701,1.41262,0.696705,1.35708
1770241432.01227,0.00716149,-0.217232,2.723,1.43655,0.69671,1.35884
1770241432.90426,0.00710363,-0.215477,2.701,1.41276,0.696795,1.35708
1770241430.6298,0.00716149,-0.217232,2.723,1.43337,0.69757,1.39259
1770241432.6068,0.00710363,-0.215477,2.701,1.41363,0.697888,1.35708
1770241430.62653,0.00716149,-0.217232,2.723,1.43223,0.697918,1.40329
1770241432.41182,0.0070484,-0.213801,2.68,1.39133,0.698495,1.35541
1770241432.02086,0.00716149,-0.217232,2.723,1.43731,0.698643,1.35884
1770241432.70599,0.00710363,-0.215477,2.701,1.41394,0.698879,1.35708
1770241431.81433,0.00716149,-0.217232,2.723,1.43743,0.69893,1.35884
1770241432.40924,0.0070484,-0.213801,2.68,1.39153,0.698984,1.35541
1770241430.82364,0.00716149,-0.217232,2.723,1.43711,0.700297,1.37251
1770241432.21654,0.00710363,-0.215477,2.701,1.41486,0.700762,1.35708
1770241433.00685,0.0070484,-0.213801,2.68,1.39203,0.70215,1.35541
1770241433.30018,0.0070484,-0.213801,2.68,1.39269,0.702429,1.35541
1770241433.20249,0.0070484,-0.213801,2.68,1.39257,0.702464,1.35541
1770241432.30951,0.0070484,-0.213801,2.68,1.39318,0.702814,1.35541
1770241433.10257,0.0070484,-0.213801,2.68,1.39263,0.703442,1.35541
1770241432.81193,0.0070484,-0.213801,2.68,1.3932,0.704097,1.35541
1770241431.91394,0.00710363,-0.215477,2.701,1.41602,0.704435,1.35708
1770241430.72551,0.00710363,-0.215477,2.701,1.4132,0.70447,1.38559
1770241431.82496,0.00710363,-0.215477,2.701,1.41621,0.704913,1.35708
1770241432.8055,0.0070484,-0.213801,2.68,1.3937,0.704993,1.35541
1770241432.70605,0.0070484,-0.213801,2.68,1.39382,0.705131,1.35541
1770241430.75861,0.00710363,-0.215477,2.701,1.41431,0.70523,1.37978
1770241432.21115,0.00710363,-0.215477,2.701,1.41642,0.705367,1.35708
1770241432.11204,0.00710363,-0.215477,2.701,1.41659,0.705898,1.35708
1770241432.11213,0.00710363,-0.215477,2.701,1.41659,0.705898,1.35708
1770241430.75868,0.00710363,-0.215477,2.701,1.41523,0.705973,1.37526
1770241431.7155,0.00710363,-0.215477,2.701,1.41804,0.708535,1.35708
1770241433.20255,0.00699317,-0.212126,2.659,1.37259,0.708699,1.35373
1770241430.92344,0.00710363,-0.215477,2.701,1.41857,0.70962,1.35708
1770241431.914,0.0070484,-0.213801,2.68,1.39577,0.710176,1.35541
1770241431.61959,0.00710363,-0.215477,2.701,1.41871,0.710393,1.35708
1770241430.92348,0.00710363,-0.215477,2.701,1.419,0.711058,1.35708
1770241431.1217,0.0070484,-0.213801,2.68,1.39637,0.71116,1.35541
1770241431.12165,0.0070484,-0.213801,2.68,1.39654,0.711601,1.35541
1770241431.21973,0.0070484,-0.213801,2.68,1.39664,0.711853,1.35541
1770241431.34605,0.00710363,-0.215477,2.701,1.41952,0.71283,1.35708
1770241431.91403,0.00699317,-0.212126,2.659,1.37552,0.715885,1.35373
1770241431.31936,0.0070484,-0.213801,2.68,1.39836,0.716228,1.35541
1770241431.42399,0.00710363,-0.215477,2.701,1.42116,0.717029,1.35708
1770241431.81427,0.00699317,-0.212126,2.659,1.37644,0.718226,1.35373
1770241432.1121,0.00699317,-0.212126,2.659,1.37645,0.718255,1.35373
1770241430.95322,0.0070484,-0.213801,2.68,1.39933,0.718591,1.35541
1770241431.71558,0.00699317,-0.212126,2.659,1.37692,0.719104,1.35373
1770241431.21978,0.00699317,-0.212126,2.659,1.3771,0.719362,1.35373
1770241431.71556,0.00699317,-0.212126,2.659,1.3774,0.719979,1.35373
1770241430.83582,0.00699317,-0.212126,2.659,1.37781,0.720733,1.35587
1770241431.22827,0.00699317,-0.212126,2.659,1.37768,0.720839,1.35373
1770241431.51695,0.0070484,-0.213801,2.68,1.40034,0.721287,1.35541
1770241431.3194,0.00699317,-0.212126,2.659,1.37877,0.723618,1.35373
1770241720.22409,0.111841,-0.3902,2.835,1.34066,0.736186,1.93337
1770241775.23075,0.323838,-0.449934,3.269,1.85361,0.758058,1.85647
1770241720.26901,0.0961423,-0.367313,2.812,1.32469,0.761484,1.91374
1770241720.31468,0.0938174,-0.35843,2.744,1.26056,0.785632,1.9021
1770241720.31473,0.0930994,-0.355687,2.723,1.24062,0.795938,1.90125
1770241720.40184,0.0822313,-0.340673,2.68,1.20091,0.820659,1.89276
1770241720.44365,0.081587,-0.338003,2.659,1.17994,0.82846,1.89286
1770241772.64623,-0.269547,-0.191979,2.212,0.707872,0.844164,1.83527
1770241772.56059,-0.273794,-0.193379,2.184,0.678047,0.844337,1.83449
1770241720.45121,0.0717192,-0.330834,2.639,1.1635,0.84804,1.88838
1770241772.64618,-0.275549,-0.194618,2.198,0.694292,0.848356,1.83676
1770241772.73632,-0.248572,-0.167641,2.198,0.703099,0.850465,1.79724
1770241772.69085,-0.269547,-0.191979,2.212,0.71101,0.851039,1.83273
1770241772.78168,-0.250155,-0.168709,2.212,0.720342,0.854237,1.79613
1770241772.6909,-0.260133,-0.183057,2.198,0.700742,0.855076,1.81641
1770241772.86697,-0.246277,-0.164831,2.212,0.723906,0.857928,1.78687
1770241772.91234,-0.232224,-0.138554,2.226,0.748025,0.859661,1.7498
1770241720.48783,0.070605,-0.325694,2.598,1.12464,0.862833,1.88187
1770241772.86703,-0.243933,-0.161971,2.226,0.74396,0.865189,1.77791
1770241772.86701,-0.246277,-0.164831,2.212,0.727884,0.865523,1.78221
1770241772.9578,-0.232224,-0.138554,2.226,0.75203,0.867271,1.74466
1770241773.00374,-0.228321,-0.134651,2.226,0.755083,0.871169,1.73648
1770241720.53172,0.0700886,-0.323312,2.579,1.10599,0.873057,1.88324
1770241773.0038,-0.228321,-0.134651,2.226,0.759383,0.879736,1.73102
1770241773.08938,-0.232224,-0.130748,2.226,0.765688,0.891566,1.72197
1770241720.6166,0.0520012,-0.300703,2.579,1.11357,0.895046,1.8641
1770241773.08943,-0.228321,-0.126845,2.226,0.768723,0.895489,1.71342
1770241773.13389,-0.229859,-0.1277,2.241,0.786272,0.89892,1.71274
1770241720.61666,0.0520012,-0.300703,2.579,1.11555,0.899772,1.86159
1770241720.61669,0.0474794,-0.300703,2.579,1.11854,0.909201,1.85893
1770241773.13394,-0.237718,-0.115912,2.241,0.795386,0.913697,1.69505
1770241720.66146,0.0471296,-0.298487,2.56,1.10393,0.920122,1.84844
1770241773.17946,-0.237718,-0.115912,2.241,0.798585,0.920922,1.69088
1770241773.22494,-0.243264,-0.128554,2.256,0.815549,0.929626,1.70135
1770241773.27002,-0.243264,-0.128554,2.256,0.819411,0.937716,1.69546
1770241773.27007,-0.244882,-0.125427,2.271,0.837637,0.941894,1.69092
1770241779.5992,-0.197376,-0.177304,3.816,2.47622,0.952499,1.42655
1770241773.35679,-0.254516,-0.130264,2.286,0.857487,0.954431,1.69322
1770241773.35683,-0.257967,-0.13203,2.317,0.890657,0.955699,1.69499
1770241773.40127,-0.273112,-0.146083,2.415,0.99149,0.956799,1.71582
1770241773.40122,-0.265648,-0.142091,2.349,0.924951,0.961937,1.70485
1770241779.68988,-0.193031,-0.173401,3.732,2.39445,0.96974,1.41407
1770241779.68993,-0.195204,-0.175353,3.774,2.43757,0.970582,1.4106
1770241779.73153,-0.184963,-0.166153,3.576,2.24275,1.00263,1.39
1770241779.73159,-0.179377,-0.161135,3.468,2.13722,1.02331,1.37549
1770241721.53762,0.130686,-0.222337,1.936,0.536159,1.02806,1.60393
1770241779.77538,-0.177566,-0.159509,3.433,2.10369,1.03299,1.36774
1770241721.53768,0.129269,-0.219925,1.915,0.517109,1.03453,1.59704
1770241721.31922,0.0783337,-0.194923,2.078,0.678102,1.03904,1.61295
1770241779.81757,-0.177566,-0.159509,3.433,2.10506,1.03915,1.36144
1770241721.58141,0.13041,-0.226155,1.883,0.485868,1.04008,1.59703
1770241721.58146,0.129025,-0.223753,1.863,0.467827,1.0444,1.58854
1770241721.62566,0.130871,-0.231045,1.843,0.447825,1.04575,1.59078
1770241721.36372,0.0773913,-0.192578,2.053,0.655686,1.04708,1.60415
1770241721.7156,0.136828,-0.250066,1.794,0.398436,1.04769,1.5979
1770241779.85949,-0.175808,-0.157929,3.399,2.07263,1.04936,1.35309
1770241721.66997,0.129451,-0.228537,1.823,0.429628,1.05013,1.58284
1770241721.40799,0.0830659,-0.189108,2.016,0.621009,1.0514,1.59177
1770241721.79905,0.136385,-0.249783,1.748,0.353544,1.05309,1.59008
1770241721.79898,0.134693,-0.246163,1.766,0.371809,1.05313,1.58981
1770241721.84474,0.135058,-0.247354,1.731,0.337229,1.05557,1.58492
1770241721.71554,0.127392,-0.224902,1.794,0.402787,1.05654,1.5729
1770241721.88933,0.132328,-0.242353,1.696,0.302446,1.05825,1.576
1770241721.84479,0.13303,-0.243639,1.705,0.311875,1.05939,1.57829
1770241721.45308,0.0910217,-0.183761,1.959,0.568447,1.06016,1.57127
1770241779.9012,-0.175808,-0.157929,3.399,2.07525,1.06157,1.34061
1770241721.41017,0.0816238,-0.185824,1.981,0.589304,1.06212,1.58015
1770241721.97298,0.124517,-0.259289,1.671,0.276435,1.06784,1.59076
1770241721.97304,0.122729,-0.255565,1.647,0.252606,1.07117,1.58557
1770241722.06668,0.121611,-0.256099,1.632,0.237051,1.07262,1.58562
1770241779.94388,-0.174049,-0.156349,3.365,2.04297,1.07282,1.33121
1770241722.06674,0.119897,-0.25249,1.609,0.213853,1.07541,1.58133
1770241722.06677,0.115985,-0.255725,1.594,0.197918,1.07886,1.58496
1770241779.9848,-0.172394,-0.154862,3.333,2.01229,1.08202,1.32379
1770241722.11192,0.114384,-0.252196,1.572,0.176283,1.08239,1.57981
1770241780.02639,-0.172394,-0.154862,3.333,2.0135,1.08803,1.31766
1770241749.04812,0.134711,-0.200524,1.173,-0.337432,1.08949,1.70047
1770241722.11197,0.100091,-0.278335,1.564,0.168288,1.09832,1.60376
1770241780.06764,-0.170687,-0.153329,3.3,1.98198,1.09834,1.30917
1770241722.19801,0.0991948,-0.275843,1.55,0.154224,1.10065,1.60121
1770241749.04807,0.131955,-0.196422,1.149,-0.357525,1.1011,1.69121
1770241748.96105,0.136845,-0.197884,1.123,-0.382919,1.10608,1.6866
1770241722.24347,0.0947966,-0.281719,1.523,0.126032,1.10729,1.60709
1770241722.19806,0.0951701,-0.282829,1.529,0.132829,1.10758,1.60709
1770241722.28739,0.0917028,-0.283083,1.516,0.118116,1.10893,1.60959
1770241722.98566,0.110172,-0.354728,1.381,-0.0501041,1.11082,1.71104
1770241722.98572,0.10775,-0.359571,1.381,-0.0523725,1.11113,1.71837
1770241722.28743,0.090493,-0.279348,1.496,0.097928,1.11284,1.60637
1770241722.9411,0.109773,-0.353444,1.376,-0.0528465,1.11288,1.70585
1770241748.961,0.135017,-0.195241,1.108,-0.39528,1.11474,1.68127
1770241748.91543,0.14137,-0.202919,1.097,-0.409224,1.11539,1.68745
1770241748.87069,0.150575,-0.2273,1.094,-0.421451,1.11606,1.71364
1770241780.06769,-0.164377,-0.14766,3.178,1.86148,1.11638,1.29825
1770241723.11873,0.0984909,-0.365997,1.387,-0.0514605,1.11721,1.73521
1770241722.33207,0.0889203,-0.302844,1.47,0.0696926,1.1199,1.62737
1770241723.11868,0.0977098,-0.363094,1.376,-0.059617,1.12049,1.7273
1770241722.81134,0.102088,-0.335088,1.37,-0.0486191,1.12148,1.67513
1770241722.81139,0.102088,-0.335088,1.37,-0.0498593,1.12171,1.67782
1770241722.94104,0.102088,-0.33749,1.37,-0.0529348,1.12172,1.68571
1770241748.87075,0.140082,-0.20107,1.087,-0.417677,1.12194,1.68458
1770241748.82587,0.149611,-0.225846,1.087,-0.427166,1.12197,1.71195
1770241722.85649,0.102088,-0.33749,1.37,-0.0514763,1.12202,1.68293
1770241722.41687,0.0895682,-0.301504,1.439,0.0388262,1.12425,1.62345
1770241722.41683,0.0878315,-0.299136,1.452,0.0527477,1.12446,1.62176
1770241722.72265,0.0993219,-0.331472,1.365,-0.0496691,1.12449,1.66469
1770241722.76646,0.0993219,-0.331472,1.365,-0.0509823,1.12474,1.66759
1770241723.25191,0.0817614,-0.372198,1.392,-0.0521661,1.12726,1.7535
1770241722.41689,0.0884478,-0.297733,1.421,0.0212354,1.12754,1.6185
1770241722.46047,0.0877631,-0.302844,1.41,0.00829597,1.12802,1.62473
1770241723.16313,0.085958,-0.366835,1.381,-0.0589803,1.12829,1.74116
1770241748.82582,0.148648,-0.230072,1.08,-0.434735,1.12867,1.71586
1770241722.50521,0.0870162,-0.300267,1.398,-0.00459833,1.12893,1.62328
1770241722.54954,0.090472,-0.319668,1.376,-0.0307099,1.12924,1.64264
1770241780.10864,-0.161377,-0.144966,3.12,1.80507,1.12951,1.28842
1770241723.2072,0.0811153,-0.369256,1.381,-0.0603297,1.13127,1.74604
1770241723.11876,0.0856468,-0.365507,1.376,-0.0613995,1.13136,1.73602
1770241722.54959,0.0900775,-0.318274,1.37,-0.0371036,1.13351,1.64396
1770241780.14962,-0.161377,-0.144966,3.12,1.80577,1.1345,1.28657
1770241748.74045,0.147684,-0.228581,1.073,-0.440505,1.13465,1.71419
1770241723.25196,0.0768802,-0.369757,1.392,-0.0520139,1.13517,1.75497
1770241722.67826,0.0873554,-0.319506,1.365,-0.0436723,1.13747,1.64914
1770241722.59411,0.0873554,-0.319506,1.365,-0.0428406,1.1378,1.64753
1770241722.67843,0.0869715,-0.320484,1.359,-0.0502505,1.13812,1.65023
1770241722.67846,0.0866515,-0.319305,1.354,-0.0555416,1.13851,1.64928
1770241748.74042,0.147271,-0.241075,1.07,-0.447238,1.14023,1.727
1770241748.74036,0.145895,-0.238822,1.06,-0.455521,1.1472,1.72364
1770241723.51396,0.0394062,-0.39542,1.55,0.0900813,1.14736,1.83495
1770241723.47006,0.0507038,-0.378328,1.483,0.0298544,1.14763,1.79909
1770241780.19058,-0.157084,-0.141109,3.037,1.72371,1.14851,1.28272
1770241723.38047,0.0542455,-0.36458,1.439,-0.00727636,1.15121,1.77068
1770241723.42531,0.049849,-0.37195,1.458,0.00895612,1.15259,1.78455
1770241723.38041,0.0578495,-0.363098,1.404,-0.0382519,1.15264,1.7561
1770241723.29594,0.0576023,-0.361546,1.398,-0.042358,1.15352,1.75076
1770241723.51391,0.0385418,-0.386747,1.516,0.0605946,1.15401,1.81712
1770241723.38045,0.053567,-0.36002,1.421,-0.0220525,1.1543,1.75947
1770241780.23211,-0.157084,-0.141109,3.037,1.72442,1.1549,1.28272
1770241748.60298,0.136877,-0.252906,1.034,-0.482647,1.16805,1.73156
1770241731.86698,-0.394458,-0.297954,1.376,-0.0198871,1.16807,1.7263
1770241780.23217,-0.151705,-0.136277,2.933,1.62126,1.1695,1.27788
1770241731.944,-0.395891,-0.299037,1.381,-0.0149774,1.17216,1.73058
1770241748.60295,0.133497,-0.255347,1.022,-0.492816,1.17724,1.73013
1770241780.27331,-0.150411,-0.135115,2.908,1.59699,1.17792,1.27672
1770241780.31476,-0.150411,-0.135115,2.908,1.59754,1.18316,1.27672
1770241748.60288,0.132321,-0.253098,1.013,-0.499121,1.1833,1.72528
1770241748.51766,0.131538,-0.258661,1.007,-0.506123,1.18886,1.72972
1770241731.94408,-0.409771,-0.297904,1.387,-0.00259613,1.18942,1.73404
1770241731.94405,-0.404748,-0.294253,1.37,-0.0189002,1.19041,1.72587
1770241748.47289,0.129578,-0.254808,0.992,-0.518532,1.1964,1.72269
1770241731.98949,-0.417066,-0.297904,1.387,0.0012936,1.20181,1.73602
1770241748.42816,0.125718,-0.25924,0.989,-0.522339,1.20448,1.72757
1770241732.03563,-0.41857,-0.298978,1.392,0.00659702,1.20644,1.73949
1770241748.42811,0.12432,-0.256357,0.978,-0.531959,1.21084,1.7233
1770241748.3848,0.122169,-0.248493,0.948,-0.556902,1.22006,1.70703
1770241748.33964,0.120236,-0.244561,0.933,-0.568858,1.22689,1.69901
1770241732.07983,-0.436521,-0.295473,1.387,0.0123447,1.22971,1.73579
1770241748.33961,0.118303,-0.242239,0.918,-0.580992,1.23414,1.69218
1770241747.5608,0.19426,-0.254666,0.783,-0.701892,1.23516,1.66348
1770241732.08093,-0.436521,-0.295473,1.387,0.0134179,1.23529,1.73579
1770241747.51909,0.193019,-0.253039,0.778,-0.70499,1.23885,1.66017
1770241748.33955,0.116756,-0.239072,0.906,-0.59021,1.24013,1.68553
1770241748.25417,0.11951,-0.236676,0.891,-0.60378,1.24235,1.67937
1770241732.16626,-0.440536,-0.296538,1.392,0.0199703,1.24252,1.73899
1770241747.4739,0.190786,-0.25146,0.769,-0.711003,1.24376,1.65467
1770241747.43102,0.191385,-0.251823,0.766,-0.711892,1.24557,1.65275
1770241747.64586,0.177764,-0.248059,0.771,-0.712088,1.24716,1.65336
1770241748.20979,0.118034,-0.233754,0.88,-0.613137,1.2482,1.67444
1770241747.43097,0.190386,-0.250508,0.762,-0.713035,1.24902,1.64891
1770241747.73773,0.167428,-0.244082,0.767,-0.717256,1.25044,1.64898
1770241747.56085,0.176842,-0.246772,0.767,-0.714064,1.25052,1.65037
1770241747.73767,0.167428,-0.244082,0.767,-0.716341,1.25277,1.64898
1770241747.64593,0.169896,-0.245107,0.766,-0.716549,1.25285,1.64926
1770241748.16551,0.116291,-0.233341,0.867,-0.625069,1.25428,1.67081
1770241732.16636,-0.447857,-0.291656,1.392,0.0247562,1.25474,1.73566
1770241732.21099,-0.447857,-0.291656,1.392,0.025032,1.26025,1.73699
1770241748.12274,0.123909,-0.228479,0.817,-0.669597,1.26037,1.65035
1770241748.16546,0.115093,-0.229444,0.847,-0.641954,1.26043,1.66096
1770241747.38828,0.180571,-0.24886,0.749,-0.721879,1.26205,1.64145
1770241747.865,0.13982,-0.232578,0.778,-0.704385,1.26403,1.64118
1770241747.86497,0.142181,-0.236062,0.776,-0.707209,1.26442,1.64413
1770241748.03898,0.122392,-0.225683,0.807,-0.677091,1.26536,1.64445
1770241747.38815,0.179366,-0.247199,0.744,-0.724119,1.26558,1.63712
1770241747.99496,0.125225,-0.227363,0.798,-0.685372,1.2664,1.64279
1770241748.12279,0.113191,-0.225651,0.833,-0.652902,1.26655,1.65296
1770241747.78063,0.144944,-0.236629,0.769,-0.712904,1.26728,1.64274
1770241747.86492,0.141815,-0.235453,0.774,-0.708267,1.26765,1.6433
1770241747.99491,0.124597,-0.226224,0.794,-0.687685,1.27005,1.6403
1770241747.73775,0.144567,-0.236014,0.767,-0.71368,1.27009,1.64145
1770241732.21104,-0.455179,-0.286775,1.392,0.0294753,1.27227,1.73403
1770241747.30495,0.174745,-0.246202,0.741,-0.724432,1.27267,1.63397
1770241747.95238,0.125617,-0.225835,0.783,-0.696859,1.27302,1.636
1770241747.25951,0.174273,-0.245538,0.739,-0.72401,1.2756,1.63141
1770241747.90845,0.124494,-0.223816,0.776,-0.702017,1.27686,1.63185
1770241732.25653,-0.457141,-0.288011,1.398,0.0357252,1.2769,1.73751
1770241747.25946,0.173566,-0.244541,0.736,-0.724385,1.27883,1.62818
1770241732.30108,-0.461565,-0.284324,1.404,0.0443473,1.28354,1.73568
1770241747.21541,0.17052,-0.242589,0.734,-0.723285,1.28421,1.62414
1770241747.17098,0.168894,-0.240276,0.727,-0.726906,1.28826,1.61814
1770241732.43581,-0.462044,-0.283109,1.398,0.0408448,1.29749,1.73384
1770241732.43586,-0.462044,-0.283109,1.398,0.0413325,1.30308,1.73442
1770241732.43588,-0.466946,-0.270853,1.398,0.0464408,1.31206,1.72308
1770241732.48281,-0.466946,-0.270853,1.398,0.0468299,1.31732,1.72366
1770241747.17096,0.134469,-0.251399,0.741,-0.715296,1.32488,1.63209
1770241732.48288,-0.469397,-0.275755,1.398,0.0471487,1.32524,1.72924
1770241747.17091,0.133925,-0.250381,0.738,-0.715993,1.32771,1.62888
1770241732.52735,-0.469397,-0.275755,1.398,0.0477033,1.33104,1.7295
1770241732.57235,-0.469397,-0.268402,1.398,0.0498066,1.33562,1.72234
1770241747.08705,0.125375,-0.2501,0.741,-0.710879,1.33874,1.62798
1770241732.61807,-0.469397,-0.268402,1.398,0.0503975,1.34099,1.72234
1770241747.04211,0.125375,-0.2501,0.741,-0.709115,1.34103,1.62668
1770241732.61814,-0.465704,-0.246835,1.387,0.0441219,1.3455,1.69884
1770241732.70301,-0.467383,-0.247725,1.392,0.0497359,1.35028,1.70055
1770241746.99749,0.114273,-0.268023,0.79,-0.665823,1.35643,1.65744
1770241732.70308,-0.473873,-0.242475,1.404,0.0649592,1.35675,1.69763
1770241746.99754,0.111525,-0.261577,0.771,-0.682494,1.35801,1.64578
1770241732.74793,-0.473873,-0.242475,1.404,0.065605,1.3618,1.69726
1770241732.74798,-0.471412,-0.240014,1.404,0.0656204,1.36493,1.69486
1770241732.79323,-0.471412,-0.240014,1.404,0.0660868,1.37025,1.69486
1770241732.8396,-0.478797,-0.227705,1.404,0.0720379,1.38167,1.68286
1770241732.83967,-0.478797,-0.230167,1.404,0.0719022,1.38685,1.68526
1770241732.92713,-0.480843,-0.231151,1.41,0.078728,1.39242,1.68661
1770241732.92718,-0.478797,-0.227705,1.404,0.0740959,1.39852,1.68093
1770241732.97174,-0.480843,-0.228678,1.41,0.0811637,1.40341,1.68152
1770241733.01705,-0.478371,-0.216318,1.41,0.0842476,1.40527,1.66678
1770241733.01709,-0.478371,-0.216318,1.41,0.0856812,1.41039,1.66414
1770241733.06364,-0.478371,-0.216318,1.41,0.086474,1.41541,1.66292
1770241733.10886,-0.478371,-0.216318,1.41,0.0869971,1.42099,1.66236
1770241733.19437,-0.480843,-0.221262,1.41,0.0872844,1.43032,1.66698
1770241733.19447,-0.47712,-0.220497,1.421,0.097263,1.43267,1.66689
1770241733.19444,-0.482548,-0.222047,1.415,0.0927912,1.43449,1.66807
1770241733.2394,-0.479134,-0.221428,1.427,0.104282,1.438,1.6672
1770241733.28527,-0.481149,-0.214821,1.433,0.113086,1.44248,1.65939
1770241733.28534,-0.483163,-0.21572,1.439,0.120381,1.44762,1.65887
1770241733.33068,-0.482644,-0.21662,1.445,0.126877,1.45079,1.65815
1770241733.46654,-0.474799,-0.220215,1.452,0.131618,1.45257,1.65984
1770241733.46659,-0.474799,-0.220215,1.452,0.132228,1.45796,1.65867
1770241733.46662,-0.474205,-0.221125,1.458,0.137988,1.46083,1.65964
1770241733.51209,-0.474205,-0.221125,1.458,0.138769,1.46622,1.65796
1770241733.51214,-0.478108,-0.225523,1.47,0.15154,1.47198,1.66188
1770241733.55758,-0.480384,-0.226596,1.477,0.159722,1.47828,1.66163
1770241733.60308,-0.480384,-0.226596,1.477,0.160944,1.48446,1.65869
1770241733.688,-0.479736,-0.227517,1.483,0.167228,1.48767,1.65818
1770241733.68806,-0.471234,-0.228437,1.489,0.171738,1.48911,1.65616
1770241733.68804,-0.479736,-0.227517,1.483,0.167997,1.49299,1.65625
1770241733.7335,-0.471234,-0.225827,1.489,0.173218,1.49431,1.65106
1770241733.77909,-0.473449,-0.226888,1.496,0.181358,1.5002,1.65053
1770241733.82547,-0.476072,-0.232134,1.496,0.182165,1.50921,1.65299
1770241733.82553,-0.473844,-0.231048,1.489,0.175053,1.51434,1.65061
1770241733.9102,-0.473449,-0.242626,1.496,0.179635,1.51841,1.6626
1770241733.91025,-0.475664,-0.243762,1.503,0.18693,1.52425,1.66403
1770241733.95565,-0.477563,-0.244735,1.509,0.193336,1.53044,1.66475
1770241733.95572,-0.477563,-0.244735,1.509,0.194287,1.53597,1.66196
1770241734.00343,-0.475664,-0.246397,1.503,0.18815,1.5413,1.66117
1770241734.05,-0.475664,-0.246397,1.503,0.188168,1.54746,1.66056
1770241734.13517,-0.473449,-0.242626,1.496,0.181323,1.55414,1.65555
1770241734.13523,-0.473449,-0.242626,1.496,0.181461,1.55965,1.65458
1770241734.13525,-0.474918,-0.24738,1.509,0.193503,1.56405,1.66055
1770241734.18036,-0.474918,-0.24738,1.509,0.193938,1.56961,1.65873
1770241734.22581,-0.470394,-0.246397,1.503,0.188036,1.57255,1.65396
1770241734.22588,-0.470394,-0.246397,1.503,0.188073,1.57804,1.65307
1770241734.27045,-0.465123,-0.249032,1.503,0.185878,1.57897,1.65604
1770241734.35589,-0.462957,-0.247872,1.496,0.178376,1.58478,1.65392
1770241734.35594,-0.462488,-0.254303,1.503,0.183864,1.58938,1.66045
1770241734.35595,-0.462488,-0.254303,1.503,0.18384,1.59549,1.65946
1770241734.44973,-0.465123,-0.256938,1.503,0.183591,1.60429,1.66187
1770241734.44979,-0.462957,-0.255741,1.496,0.176122,1.60971,1.65946
1770241734.49315,-0.462957,-0.253118,1.496,0.176101,1.61533,1.65687
1770241734.49321,-0.462957,-0.253118,1.496,0.17562,1.62091,1.65687
1770241734.58041,-0.459853,-0.264844,1.503,0.179326,1.62291,1.66928
1770241745.98862,-0.0743431,-0.240762,0.778,-0.650926,1.62629,1.59038
1770241745.98856,-0.0739609,-0.239525,0.774,-0.654333,1.62808,1.58738
1770241734.58047,-0.459853,-0.264844,1.503,0.179027,1.62831,1.66881
1770241734.62161,-0.457218,-0.262208,1.503,0.178547,1.63199,1.66576
1770241734.62167,-0.451947,-0.254303,1.503,0.178286,1.63287,1.65797
1770241745.90282,-0.0779313,-0.231083,0.773,-0.653607,1.63492,1.57834
1770241746.03522,-0.0792638,-0.262978,0.845,-0.593816,1.63574,1.63102
1770241734.66641,-0.451947,-0.254303,1.503,0.17768,1.63905,1.65797
1770241734.71017,-0.44846,-0.265901,1.509,0.180259,1.64076,1.67044
1770241734.75482,-0.44846,-0.265901,1.509,0.179595,1.64719,1.67044
1770241745.90278,-0.0864612,-0.217882,0.789,-0.636606,1.64877,1.57
1770241734.75489,-0.445814,-0.265901,1.509,0.178541,1.65009,1.67044
1770241745.85886,-0.0860229,-0.216778,0.785,-0.640648,1.65036,1.56785
1770241734.83947,-0.447882,-0.267134,1.516,0.184747,1.65761,1.67288
1770241745.81478,-0.0906114,-0.213732,0.789,-0.637413,1.65855,1.56601
1770241745.7704,-0.090152,-0.212649,0.785,-0.64151,1.6604,1.5638
1770241734.83952,-0.449042,-0.269425,1.529,0.196469,1.6628,1.67741
1770241745.77037,-0.0931415,-0.211811,0.787,-0.640159,1.66628,1.56307
1770241734.88356,-0.455209,-0.273125,1.55,0.216598,1.67109,1.68473
1770241734.92713,-0.456579,-0.275592,1.564,0.229158,1.67729,1.68961
1770241734.92719,-0.456579,-0.275592,1.564,0.228433,1.68317,1.68961
1770241745.77031,-0.104514,-0.201206,0.811,-0.616699,1.68443,1.55887
1770241745.68579,-0.104256,-0.20071,0.809,-0.61905,1.68666,1.55764
1770241734.97147,-0.456579,-0.278335,1.564,0.227206,1.68916,1.69231
1770241745.68576,-0.107622,-0.200277,0.813,-0.616511,1.69348,1.55831
1770241735.05642,-0.456579,-0.278335,1.564,0.226176,1.69552,1.69279
1770241745.68569,-0.107622,-0.200277,0.813,-0.617252,1.69602,1.55831
1770241735.05648,-0.458914,-0.282515,1.572,0.23218,1.70355,1.69948
1770241745.59319,-0.112724,-0.198883,0.819,-0.612924,1.70492,1.5586
1770241735.0565,-0.458914,-0.282515,1.572,0.231006,1.70909,1.70045
1770241745.54877,-0.11355,-0.20034,0.825,-0.608627,1.70946,1.56163
1770241745.50427,-0.122247,-0.202769,0.835,-0.602315,1.72255,1.56667
1770241735.10091,-0.467183,-0.274246,1.572,0.232563,1.72384,1.69239
1770241745.50424,-0.127246,-0.205211,0.839,-0.600758,1.73002,1.57011
1770241735.14269,-0.469263,-0.275467,1.579,0.238427,1.73171,1.69483
1770241745.50419,-0.127852,-0.206189,0.843,-0.59804,1.73334,1.57214
1770241745.42072,-0.132826,-0.206367,0.856,-0.587555,1.74294,1.57583
1770241735.18525,-0.480259,-0.281922,1.616,0.273852,1.74424,1.70773
1770241745.37613,-0.133136,-0.20685,0.858,-0.586744,1.74615,1.57684
1770241735.26923,-0.473032,-0.281077,1.564,0.221393,1.74907,1.6977
1770241735.26928,-0.475451,-0.282515,1.572,0.228314,1.75604,1.70053
1770241735.2693,-0.475774,-0.281077,1.564,0.219616,1.76392,1.6977
1770241735.31272,-0.490024,-0.279819,1.557,0.21354,1.7846,1.69523
1770241735.35636,-0.492227,-0.281077,1.564,0.219142,1.79256,1.6977
1770241735.35642,-0.490539,-0.275843,1.55,0.204891,1.79869,1.69008
1770241735.48905,-0.490539,-0.281278,1.55,0.20068,1.81048,1.69742
1770241735.4891,-0.504021,-0.281776,1.509,0.159929,1.83368,1.69162
1770241735.53292,-0.506359,-0.283083,1.516,0.16494,1.84127,1.69521
1770241735.53297,-0.511675,-0.283083,1.516,0.163013,1.85285,1.69723
1770241735.57624,-0.514038,-0.28439,1.523,0.167791,1.86078,1.70101
1770241735.61855,-0.521425,-0.288191,1.529,0.172157,1.87382,1.70551
1770241735.66174,-0.548233,-0.298914,1.529,0.169883,1.91186,1.71431
1770241735.74569,-0.556129,-0.302976,1.536,0.174111,1.92571,1.72092
1770241735.74574,-0.558664,-0.304357,1.543,0.178299,1.93426,1.72512
1770241735.79002,-0.566463,-0.304388,1.557,0.189809,1.94749,1.72952
1770241735.83203,-0.569009,-0.305757,1.564,0.194041,1.95506,1.73413
1770241735.83208,-0.569009,-0.305757,1.564,0.191642,1.96133,1.73515
1770241735.87489,-0.574467,-0.308689,1.579,0.204724,1.97237,1.73944
1770241735.95959,-0.582719,-0.308827,1.594,0.218125,1.98602,1.74172
1770241735.95965,-0.582719,-0.308827,1.594,0.21559,1.99228,1.74285
1770241736.00455,-0.590761,-0.310256,1.616,0.234618,2.00591,1.74946
1770241736.00461,-0.593686,-0.311792,1.624,0.238953,2.01461,1.75541
1770241736.04935,-0.590838,-0.311792,1.624,0.236087,2.01768,1.75718
1770241736.09278,-0.596296,-0.314672,1.639,0.247827,2.02925,1.76366
1770241736.09284,-0.593411,-0.320645,1.655,0.260018,2.0329,1.77255
1770241736.13711,-0.593411,-0.320645,1.655,0.258138,2.03833,1.77255
1770241736.22211,-0.596484,-0.325489,1.68,0.278854,2.04801,1.78328
1770241736.22229,-0.596484,-0.325489,1.68,0.276025,2.0541,1.7848
1770241743.7992,-0.440661,-0.280056,1.145,-0.324067,2.05904,1.65229
1770241743.79914,-0.4422,-0.281034,1.149,-0.319017,2.06061,1.65185
1770241743.79923,-0.443123,-0.283078,1.141,-0.330559,2.06131,1.65668
1770241743.84409,-0.441957,-0.282334,1.138,-0.335478,2.06155,1.65748
1770241743.67041,-0.439686,-0.290675,1.197,-0.268704,2.06264,1.66373
1770241743.7146,-0.443251,-0.278933,1.157,-0.309474,2.06265,1.649
1770241736.26633,-0.599324,-0.324079,1.688,0.280934,2.06372,1.7867
1770241743.67044,-0.446315,-0.280862,1.165,-0.301244,2.06669,1.65032
1770241743.57758,-0.444252,-0.295809,1.227,-0.237236,2.06858,1.6701
1770241743.67035,-0.445931,-0.294804,1.214,-0.251413,2.06924,1.66851
1770241736.26638,-0.599324,-0.324079,1.688,0.277396,2.07062,1.789
1770241743.88888,-0.451125,-0.283078,1.141,-0.337332,2.07372,1.66149
1770241736.31101,-0.602371,-0.324354,1.705,0.291532,2.07904,1.79377
1770241743.57757,-0.450769,-0.300149,1.245,-0.221945,2.07922,1.67689
1770241743.93329,-0.455869,-0.286055,1.153,-0.330534,2.0832,1.66955
1770241743.57752,-0.451423,-0.299109,1.259,-0.208668,2.08359,1.67766
1770241736.35454,-0.605197,-0.325875,1.713,0.297101,2.08759,1.79653
1770241736.43951,-0.602194,-0.316865,1.713,0.297163,2.09155,1.7858
1770241743.49338,-0.456443,-0.302435,1.273,-0.198131,2.09442,1.68283
1770241736.43956,-0.605358,-0.31853,1.722,0.30256,2.10165,1.79031
1770241744.01716,-0.477463,-0.294873,1.197,-0.296953,2.1145,1.68996
1770241736.43959,-0.611396,-0.321549,1.722,0.298713,2.11451,1.79443
1770241736.53239,-0.611396,-0.321549,1.722,0.295916,2.1208,1.79521
1770241736.53247,-0.614415,-0.321549,1.722,0.292998,2.13036,1.79576
1770241736.53249,-0.617627,-0.32323,1.731,0.298583,2.14025,1.7997
1770241736.57701,-0.623697,-0.31109,1.731,0.298352,2.15214,1.78789
1770241736.66078,-0.626579,-0.312527,1.739,0.302986,2.16214,1.79086
1770241736.66082,-0.629628,-0.306429,1.739,0.30128,2.17184,1.78488
1770241736.66941,-0.632887,-0.308015,1.748,0.306933,2.18188,1.7882
1770241736.70517,-0.642081,-0.295756,1.748,0.305906,2.19798,1.77617
1770241736.75058,-0.642081,-0.295756,1.748,0.303149,2.20427,1.77617
1770241736.79384,-0.648468,-0.288037,1.757,0.310222,2.21771,1.77036
1770241736.79388,-0.648468,-0.288037,1.757,0.307177,2.22449,1.77036
1770241736.87872,-0.651789,-0.286416,1.766,0.313692,2.23472,1.76943
1770241736.87878,-0.65548,-0.288038,1.776,0.320416,2.24565,1.77174
1770241736.92322,-0.65548,-0.288038,1.776,0.317856,2.25184,1.77103
1770241736.96718,-0.658802,-0.286368,1.785,0.323387,2.263,1.77113
1770241736.96724,-0.658802,-0.286368,1.785,0.320244,2.26964,1.77113
1770241737.01247,-0.658802,-0.286368,1.785,0.317111,2.27619,1.77113
1770241737.09623,-0.658802,-0.286368,1.785,0.314281,2.28274,1.77038
1770241737.09629,-0.658978,-0.278375,1.794,0.322323,2.29012,1.76252
1770241742.31037,-0.362685,-0.292879,1.731,0.187321,2.29107,1.70441
1770241737.09632,-0.662651,-0.279927,1.804,0.329039,2.30118,1.76415
1770241742.26249,-0.366247,-0.295756,1.748,0.198892,2.3049,1.70991
1770241737.14118,-0.662651,-0.273601,1.804,0.327065,2.30799,1.75764
1770241737.18583,-0.662651,-0.270438,1.804,0.324477,2.31444,1.75453
1770241742.26242,-0.371213,-0.300359,1.757,0.202499,2.31715,1.71586
1770241737.2293,-0.66963,-0.273286,1.823,0.338249,2.33022,1.76096
1770241737.22935,-0.666434,-0.279679,1.823,0.333474,2.33464,1.76723
1770241737.31325,-0.666434,-0.279679,1.823,0.330852,2.34068,1.76611
1770241742.21859,-0.394852,-0.288135,1.739,0.177417,2.34102,1.70016
1770241737.31331,-0.663238,-0.273286,1.823,0.329535,2.34437,1.75856
1770241737.62387,-0.614633,-0.252356,1.766,0.260881,2.34638,1.71199
1770241737.35854,-0.663238,-0.273286,1.823,0.327179,2.35041,1.7567
1770241742.17368,-0.396895,-0.289626,1.748,0.182684,2.35073,1.7017
1770241737.66782,-0.614633,-0.252356,1.766,0.25821,2.35311,1.70959
1770241737.35859,-0.663238,-0.279679,1.823,0.324007,2.35673,1.75964
1770241737.44674,-0.653242,-0.271787,1.813,0.311957,2.35868,1.74591
1770241737.57933,-0.643251,-0.265793,1.794,0.290128,2.35911,1.73413
1770241737.66787,-0.614999,-0.256898,1.776,0.264848,2.36158,1.71241
1770241737.79722,-0.590088,-0.256898,1.776,0.25695,2.36231,1.70852
1770241737.40305,-0.663238,-0.279679,1.823,0.321104,2.3644,1.75689
1770241737.57942,-0.636894,-0.255071,1.785,0.278051,2.36504,1.7196
1770241737.71304,-0.614999,-0.256898,1.776,0.26175,2.36795,1.71138
1770241737.84149,-0.590088,-0.256898,1.776,0.254768,2.36829,1.70574
1770241737.79714,-0.608771,-0.256898,1.776,0.259383,2.3684,1.71091
1770241737.79719,-0.605344,-0.255452,1.766,0.247685,2.36933,1.70655
1770241737.57939,-0.646836,-0.267275,1.804,0.296008,2.37057,1.73627
1770241742.17366,-0.410271,-0.295705,1.766,0.193107,2.37279,1.70855
1770241737.93043,-0.583669,-0.255452,1.766,0.241726,2.37389,1.69557
1770241737.88592,-0.590088,-0.256898,1.776,0.252321,2.37536,1.70203
1770241737.93047,-0.583669,-0.255452,1.766,0.238988,2.38034,1.69328
1770241737.97423,-0.580746,-0.260012,1.776,0.24458,2.38574,1.70005
1770241742.17361,-0.416776,-0.300393,1.794,0.215444,2.39068,1.71586
1770241738.05901,-0.580746,-0.260012,1.776,0.241057,2.39191,1.69998
1770241738.05905,-0.5743,-0.255071,1.785,0.248884,2.39373,1.69543
1770241738.05907,-0.5743,-0.255071,1.785,0.245661,2.40019,1.69416
1770241738.10374,-0.5743,-0.255071,1.785,0.24286,2.40656,1.69188
1770241738.14808,-0.57117,-0.2582,1.785,0.240368,2.41015,1.69179
1770241738.19307,-0.57117,-0.2582,1.785,0.237394,2.41602,1.69055
1770241738.19312,-0.57117,-0.2582,1.785,0.233008,2.42098,1.69405
1770241742.08904,-0.439495,-0.298857,1.823,0.232815,2.42681,1.71836
1770241738.27761,-0.5743,-0.273849,1.785,0.226272,2.43043,1.7077
1770241742.04489,-0.441906,-0.300496,1.833,0.23767,2.43796,1.72151
1770241738.27783,-0.577196,-0.275229,1.794,0.230653,2.44201,1.70871
1770241738.32079,-0.57725,-0.276764,1.804,0.236702,2.45114,1.70972
1770241742.00109,-0.446727,-0.303775,1.853,0.250433,2.45514,1.72781
1770241738.36515,-0.580413,-0.273601,1.804,0.233357,2.46071,1.70443
1770241738.3652,-0.583309,-0.274966,1.813,0.238263,2.47083,1.70608
1770241738.40904,-0.583309,-0.281323,1.813,0.233587,2.47591,1.71312
1770241738.49392,-0.586526,-0.282875,1.823,0.239891,2.48493,1.71621
1770241738.49397,-0.586529,-0.28764,1.833,0.248069,2.4891,1.72123
1770241738.494,-0.586529,-0.294068,1.833,0.246472,2.49061,1.72633
1770241738.58723,-0.592929,-0.297277,1.853,0.265962,2.49775,1.73267
1770241738.58729,-0.602662,-0.31848,1.863,0.272423,2.50464,1.75519
1770241738.63196,-0.609132,-0.321899,1.883,0.291698,2.51209,1.76175
1770241738.63201,-0.626277,-0.330959,1.936,0.337977,2.53936,1.77912
1770241738.71614,-0.633717,-0.334891,1.959,0.358494,2.55011,1.78724
1770241739.72563,-0.931345,-0.356487,2.129,0.453384,2.84784,1.86814
1770241739.72568,-0.93747,-0.358831,2.143,0.462388,2.86026,1.8729
1770241739.76951,-0.941227,-0.343801,2.143,0.461227,2.8682,1.8581
1770241739.8533,-0.951629,-0.33576,2.116,0.428255,2.87996,1.84546
1770241739.85323,-0.946937,-0.345887,2.156,0.469013,2.88049,1.86243
1770241739.85334,-0.951629,-0.33576,2.116,0.425463,2.88347,1.84546
1770241739.98932,-0.957475,-0.341555,2.129,0.423102,2.90735,1.85344
1770241739.89831,-0.963771,-0.343801,2.143,0.441774,2.9078,1.8581
1770241739.94382,-0.963771,-0.343801,2.143,0.437663,2.91289,1.8581
1770241740.07676,-0.961208,-0.337823,2.129,0.417429,2.91796,1.84927
1770241739.98938,-0.967529,-0.340044,2.143,0.431369,2.92404,1.85441
1770241740.07682,-0.972407,-0.326624,2.129,0.41377,2.93289,1.83755
1770241740.12052,-0.972407,-0.326624,2.129,0.410415,2.93726,1.8369
1770241740.12057,-0.972407,-0.322891,2.129,0.405527,2.944,1.83323
1770241740.16494,-0.972407,-0.322891,2.129,0.399813,2.95075,1.83323
1770241740.25051,-0.972407,-0.33409,2.129,0.393064,2.95633,1.84353
1770241740.25057,-0.972407,-0.33409,2.129,0.390467,2.96013,1.84208
1770241740.77724,-0.906955,-0.29499,2.09,0.321124,2.96202,1.78218
1770241740.82229,-0.906955,-0.29499,2.09,0.317042,2.96845,1.77831
1770241740.25059,-0.976139,-0.315426,2.129,0.389855,2.96851,1.8222
1770241740.6046,-0.93472,-0.296824,2.103,0.340229,2.97277,1.79002
1770241740.73321,-0.927346,-0.300512,2.103,0.3338,2.97365,1.79557
1770241740.73326,-0.927346,-0.296824,2.103,0.332216,2.97698,1.79047
1770241740.6491,-0.93472,-0.296824,2.103,0.335941,2.97775,1.78961
1770241740.82996,-0.90891,-0.300512,2.103,0.325567,2.97786,1.78305
1770241740.29384,-0.979872,-0.319158,2.129,0.382561,2.97841,1.82587
1770241740.73329,-0.927346,-0.296824,2.103,0.330186,2.9799,1.78911
1770241740.60459,-0.949469,-0.296824,2.103,0.340172,2.98063,1.79265
1770241740.33876,-0.979872,-0.319158,2.129,0.376329,2.98551,1.82587
1770241740.38258,-0.976139,-0.319158,2.129,0.372262,2.98774,1.82587
1770241740.42698,-0.968674,-0.30796,2.129,0.369989,2.98823,1.81484
1770241740.86653,-0.914528,-0.302369,2.116,0.332306,2.99029,1.78818
1770241740.38262,-0.976139,-0.319158,2.129,0.36925,2.99113,1.82587
1770241740.512,-0.964941,-0.304227,2.129,0.366174,2.99232,1.80864
1770241740.60454,-0.961208,-0.300494,2.129,0.364771,2.9933,1.80321
1770241740.91019,-0.912681,-0.30796,2.129,0.341444,2.99513,1.79638
1770241740.51194,-0.971286,-0.306228,2.143,0.37983,2.99862,1.81445
